brand,name,price_usd,price_bdt,image_url,form_factor,color,side_panel,external_volume,internal_35_bays
Montech,Montech XR,83.59,11284.65,,ATX Mid Tower,Black,Tempered Glass,45,2
Phanteks,Phanteks XT PRO,67.98,9177.3,,ATX Mid Tower,Black,Tempered Glass,51.8,2
NZXT,NZXT H5 Flow (2024),84.99,11473.65,,ATX Mid Tower,Black,Tempered Glass,45,1
Corsair,Corsair 3500X ARGB,115.99,15658.65,,ATX Mid Tower,White,Tempered Glass,55.9,2
Cooler Master,Cooler Master MasterBox Q300L,45.98,6207.3,,MicroATX Mini Tower,Black,Acrylic,33.6,1
Corsair,Corsair 4000D Airflow,94.99,12823.65,,ATX Mid Tower,Black,Tinted Tempered Glass,48.6,2
Lian,Lian Li Lancool 207,81.99,11068.65,,ATX Mid Tower,Blue,Tempered Glass,45.5,2
NZXT,NZXT H9 Flow (2023),119.99,16198.65,,ATX Mid Tower,Black,Tempered Glass,66.9,2
Lian,Lian Li O11 VISION COMPACT,124.99,16873.65,,ATX Mid Tower,White,Tempered Glass,57.4,2
Corsair,Corsair 3500X ARGB,115.99,15658.65,,ATX Mid Tower,Black,Tempered Glass,55.9,2
Montech,Montech AIR 100 ARGB,69.9,9436.5,,MicroATX Mid Tower,Black,Tempered Glass,36.1,2
Montech,Montech AIR 903 MAX,74.99,10123.65,,ATX Mid Tower,Black,Tempered Glass,54.2,2
Lian,Lian Li A3-mATX,72.98,9852.3,,MicroATX Mini Tower,Black,Mesh,26.3,1
Fractal,Fractal Design North,139.99,18898.65,,ATX Mid Tower,Black,Tempered Glass,45.1,2
HYTE,HYTE Y70 Touch Infinite,439.95,59393.25,,ATX Mid Tower,White,Tempered Glass,70.7,2
Fractal,Fractal Design North XL,179.99,24298.65,,ATX Full Tower,Black,Tinted Tempered Glass,61.4,2
Lian,Lian Li O11 VISION COMPACT,124.99,16873.65,,ATX Mid Tower,Black,Tempered Glass,57.4,2
NZXT,NZXT H5 Flow (2024),59.99,8098.65,,ATX Mid Tower,White,Tempered Glass,45,1
Lian,Lian Li A3-mATX,89.99,12148.65,,MicroATX Mini Tower,Black / Brown,Mesh,26.3,1
Phanteks,Phanteks XT PRO ULTRA,80.98,10932.3,,ATX Mid Tower,Black,Tempered Glass,51.8,2
NZXT,NZXT H9 Flow (2023),99.99,13498.65,,ATX Mid Tower,White,Tempered Glass,66.9,2
Montech,Montech XR,79.89,10785.15,,ATX Mid Tower,White,Tempered Glass,45,2
Lian,Lian Li O11D EVO RGB,159.99,21598.65,,ATX Mid Tower,Black,Tempered Glass,65.3,4
NZXT,NZXT H6 Flow,109.97,14845.95,,ATX Mid Tower,Black,Tempered Glass,51.8,1
Montech,Montech AIR 903 BASE,64.98,8772.3,,ATX Mid Tower,Black,Tempered Glass,54.2,2
HYTE,HYTE Y70 Touch Infinite,564.4,76194.0,,ATX Mid Tower,Black,Tempered Glass,70.7,2
NZXT,NZXT H6 Flow,89.97,12145.95,,ATX Mid Tower,White,Tempered Glass,51.8,1
Corsair,Corsair FRAME 4000D RS ARGB,104.99,14173.65,,ATX Mid Tower,Black,Tempered Glass,56.7,2
NZXT,NZXT H3 Flow,69.98,9447.3,,MicroATX Mid Tower,Black,Tinted Tempered Glass,35,1
Fractal,Fractal Design Terra,179.99,24298.65,,Mini ITX Desktop,Black / Brown,Mesh,11.4,0
Antec,Antec C5 ARGB,114.99,15523.65,,ATX Mid Tower,Black,Tempered Glass,,1
Fractal,Fractal Design Pop XL Air,119.97,16195.95,,ATX Full Tower,Black,Tempered Glass,62.4,3
Lian,Lian Li LANCOOL 217,127.5,17212.5,,ATX Mid Tower,Black / Brown,Tempered Glass,57.7,1
Lian,Lian Li O11 Dynamic EVO XL,254.98,34422.3,,ATX Full Tower,Black,Tempered Glass,84.4,4
Montech,Montech KING 95 PRO,148.98,20112.3,,ATX Mid Tower,Black,Tempered Glass,63,5
Fractal,Fractal Design Meshify C,109.99,14848.65,,ATX Mid Tower,Black,Tinted Tempered Glass,40.6,2
Cooler Master,Cooler Master MasterBox NR200,67.29,9084.15,,Mini ITX Desktop,Black,,20.3,2
Okinos,Okinos Aqua 3,64.98,8772.3,,MicroATX Mini Tower,Black,Tempered Glass,28.8,2
Lian,Lian Li LANCOOL 216 RGB,102.97,13900.95,,ATX Mid Tower,Black,Tempered Glass,55.6,2
HYTE,HYTE Y70,219.99,29698.65,,ATX Mid Tower,White,Tempered Glass,70.7,2
Fractal,Fractal Design Pop Air,79.99,10798.65,,ATX Mid Tower,Black,Tempered Glass,46.2,2
NZXT,NZXT H7 Flow (2024),129.99,17548.65,,ATX Mid Tower,Black,Tempered Glass,62.1,2
MUSETEX,MUSETEX Y6,85.48,11539.8,,ATX Mid Tower,White,Tempered Glass,40.9,2
Corsair,Corsair 3000D AIRFLOW,94.99,12823.65,,ATX Mid Tower,Black,Tempered Glass,49.5,2
Lian,Lian Li O11 Vision,142.99,19303.65,,ATX Mid Tower,Black,Tempered Glass,67.8,2
Fractal,Fractal Design North,139.99,18898.65,,ATX Mid Tower,Black,Mesh,45.1,2
HYTE,HYTE Y70,219.99,29698.65,,ATX Mid Tower,Black,Tempered Glass,70.7,2
Lian,Lian Li O11D EVO RGB,159.99,21598.65,,ATX Mid Tower,White,Tempered Glass,65.3,4
Montech,Montech X3 Mesh,54.99,7423.65,,ATX Mid Tower,Black,Tempered Glass,,2
Cooler Master,Cooler Master Elite 301 Lite,64.94,8766.9,,MicroATX Mini Tower,Black,Tempered Glass,34.1,1
Fractal,Fractal Design Terra,179.99,24298.65,,Mini ITX Desktop,Green / Brown,Mesh,11.4,0
Corsair,Corsair FRAME 4000D,104.99,14173.65,,ATX Mid Tower,Black,Tempered Glass,56.7,2
NZXT,NZXT H6 Flow RGB,129.97,17545.95,,ATX Mid Tower,White,Tempered Glass,51.8,1
Asus,Asus Prime AP201,89.97,12145.95,,MicroATX Mini Tower,Black,Mesh,33,3
Montech,Montech XR Wood,79.9,10786.5,,ATX Mid Tower,Black / Brown,Tempered Glass,49.8,2
Montech,Montech X5M,56.0,7560.0,,MicroATX Mini Tower,Black,Tempered Glass,45.3,2
Lian,Lian Li A3-mATX,89.99,12148.65,,MicroATX Mini Tower,White / Brown,Tempered Glass,26.3,1
Antec,Antec C8,99.99,13498.65,,ATX Full Tower,Black,Tempered Glass,66.9,2
Thermaltake,Thermaltake Versa H18,118.5,15997.5,,MicroATX Mini Tower,Black,Acrylic,30.4,2
Silverstone,Silverstone ALTA F2,1062.27,143406.45,,ATX Full Tower,Black,Tempered Glass,98.9,8
NZXT,NZXT H6 Flow RGB,134.97,18220.95,,ATX Mid Tower,Black,Tempered Glass,51.8,1
Corsair,Corsair 5000D AIRFLOW,174.99,23623.65,,ATX Mid Tower,Black,Tempered Glass,66.2,2
Fractal,Fractal Design Ridge PCIe 4.0,129.99,17548.65,,Mini ITX Tower,Black,Mesh,16.3,0
Corsair,Corsair 3500X,99.99,13498.65,,ATX Mid Tower,Black,Tempered Glass,55.9,2
NZXT,NZXT H9 Elite,169.97,22945.95,,ATX Mid Tower,White,Tempered Glass,66.9,2
Zalman,Zalman T3 PLUS,39.5,5332.5,,MicroATX Mid Tower,Black,Tempered Glass,30.9,1
Antec,Antec FLUX PRO,164.99,22273.65,,ATX Full Tower,Black / Brown,Tempered Glass,70.8,4
Cooler Master,Cooler Master Elite 301,49.99,6748.65,,MicroATX Mid Tower,Black,Tempered Glass,34.1,1
Lian,Lian Li O11 Dynamic EVO XL,249.99,33748.65,,ATX Full Tower,White,Tempered Glass,84.4,4
Jonsbo,Jonsbo Jonsplus Z20,99.0,13365.0,,MicroATX Desktop,Black,Tempered Glass,25.3,1
Fractal,Fractal Design Pop Mini Air,99.99,13498.65,,MicroATX Mid Tower,Black,Tempered Glass,36.5,2
Azza,Azza Fighter,59.99,8098.65,,ATX Mid Tower,Black,Tempered Glass,34.2,2
Fractal,Fractal Design North XL,194.97,26320.95,,ATX Full Tower,Black,Mesh,61.4,2
Corsair,Corsair 4000D Airflow,103.59,13984.65,,ATX Mid Tower,White,Tinted Tempered Glass,48.6,2
MSI,MSI MAG FORGE 321R AIRFLOW,89.99,12148.65,,ATX Mid Tower,Black,Tempered Glass,49.4,2
Jonsbo,Jonsbo D32 PRO,71.99,9718.65,,MicroATX Desktop,Black,Tempered Glass,25.7,2
Lian,Lian Li A4-H20 X4,154.99,20923.65,,Mini ITX Desktop,Black,Mesh,11.1,0
Lian,Lian Li O11 Vision,138.97,18760.95,,ATX Mid Tower,White,Tempered Glass,67.8,2
Fractal,Fractal Design North,139.99,18898.65,,ATX Mid Tower,White,Tempered Glass,45.1,2
Antec,Antec C5 ARGB,104.99,14173.65,,ATX Mid Tower,White,Tempered Glass,,1
Okinos,Okinos Cypress 3,64.98,8772.3,,MicroATX Mini Tower,Black / Brown,Tempered Glass,,2
Fractal,Fractal Design Focus G,59.99,8098.65,,ATX Mid Tower,Black,Acrylic,42.2,2
Thermaltake,Thermaltake View 170 ARGB,62.99,8503.65,,MicroATX Mini Tower,Black,Tempered Glass,35,1
NZXT,NZXT H5 Flow RGB (2024),119.99,16198.65,,ATX Mid Tower,Black,Tempered Glass,45,1
Fractal,Fractal Design Terra,179.99,24298.65,,Mini ITX Desktop,Silver / Brown,Mesh,11.4,0
NZXT,NZXT H9 Flow RGB+ (2025),289.99,39148.65,,ATX Mid Tower,Black,Tinted Tempered Glass,76.7,2
Lian,Lian Li Lancool 207,89.99,12148.65,,ATX Mid Tower,White,Tempered Glass,45.5,2
NZXT,NZXT H9 Elite,211.99,28618.65,,ATX Mid Tower,Black,Tempered Glass,66.9,2
Corsair,Corsair 7000D AIRFLOW,289.99,39148.65,,ATX Full Tower,Black,Tempered Glass,81.8,6
Lian,Lian Li ODYSSEY X,1468.05,198186.75,,ATX Full Tower,Black,Tempered Glass,,3
Lian,Lian Li LANCOOL 216,111.97,15115.95,,ATX Mid Tower,Black,Tempered Glass,55.6,2
Thermaltake,Thermaltake View 270 Plus TG ARGB,78.99,10663.65,,ATX Mid Tower,Black,Tempered Glass,47.6,2
Antec,Antec FLUX,104.99,14173.65,,ATX Mid Tower,Black / Brown,Tempered Glass,58.1,2
Lian,Lian Li A3-mATX,72.98,9852.3,,MicroATX Mini Tower,White,Mesh,26.3,1
Cooler Master,Cooler Master MasterBox NR200P V2,109.99,14848.65,,Mini ITX Desktop,Black,Mesh,20.1,1
Montech,Montech KING 95 PRO,139.0,18765.0,,ATX Mid Tower,White,Tempered Glass,63,5
Corsair,Corsair 9000D RGB AIRFLOW,519.99,70198.65,,ATX Full Tower,Black,Tempered Glass,149.6,5
Thermaltake,Thermaltake V100 Perforated,49.99,6748.65,,ATX Mid Tower,Black,,36.6,2
Mars,Mars Gaming MC-S2,79.34,10710.9,,ATX Mid Tower,White,Acrylic,19.5,1
Corsair,Corsair FRAME 4000D RS,94.99,12823.65,,ATX Mid Tower,Black,Tempered Glass,56.7,2
Fractal,Fractal Design Focus 2,74.99,10123.65,,ATX Mid Tower,Black,,45.8,2
Asus,Asus ROG Strix Helios,234.97,31720.95,,ATX Full Tower,Black,Tempered Glass,83.5,2
Fractal,Fractal Design Pop Air RGB,99.99,13498.65,,ATX Mid Tower,Black,Tempered Glass,46.2,2
Zalman,Zalman CUBIX,37.99,5128.65,,MicroATX Mini Tower,Black,,,1
NZXT,NZXT H9 Flow (2025),164.99,22273.65,,ATX Mid Tower,Black,Tinted Tempered Glass,76.7,2
Montech,Montech KING 65 PRO,94.99,12823.65,,ATX Mid Tower,Black,Tempered Glass,63,2
Fractal,Fractal Design Define R5,124.99,16873.65,,ATX Mid Tower,Black,,54.2,8
Cooler Master,Cooler Master MasterBox Q300L,36.99,4993.65,,MicroATX Mini Tower,White,Acrylic,33.6,1
NZXT,NZXT H9 Flow RGB+ (2025),289.99,39148.65,,ATX Mid Tower,White,Tempered Glass,76.7,2
Cooler Master,Cooler Master Q300L V2,55.98,7557.3,,MicroATX Mini Tower,Black,Tempered Glass,34.1,1
Antec,Antec C8 Wood,119.99,16198.65,,ATX Full Tower,Black / Brown,Tempered Glass,66.9,2
Lian,Lian Li O11 Dynamic Mini,229.0,30915.0,,ATX Mid Tower,Black,Tempered Glass,43,2
Montech,Montech AIR 100 ARGB,69.98,9447.3,,MicroATX Mid Tower,White,Tempered Glass,36.1,2
HYTE,HYTE Y60,179.99,24298.65,,ATX Mid Tower,Black,Tempered Glass,60,2
MUSETEX,MUSETEX K2,74.98,10122.3,,ATX Mid Tower,Black,Tempered Glass,44.4,2
Fractal,Fractal Design Ridge PCIe 4.0,142.97,19300.95,,Mini ITX Tower,White,Mesh,16.3,0
HYTE,HYTE Y70 Touch Infinite,399.99,53998.65,,ATX Mid Tower,White / Black,Tempered Glass,70.7,2
Zalman,Zalman S2,49.98,6747.3,,ATX Mid Tower,Black,Acrylic,38.4,2
Fractal,Fractal Design North XL,179.99,24298.65,,ATX Full Tower,White,Tempered Glass,61.4,2
Zalman,Zalman T8,42.95,5798.25,,ATX Mid Tower,Black,,33.4,2
Jonsbo,Jonsbo C6-ITX,62.0,8370.0,,Mini ITX Desktop,Black,Mesh,15.9,1
Lian,Lian Li A4-H20 A4,154.99,20923.65,,Mini ITX Desktop,Silver / Black,Mesh,11.1,0
GameMax,GameMax Nova N5,50.99,6883.65,,ATX Mid Tower,Black,Tempered Glass,37.6,2
Lian,Lian Li LANCOOL III RGB,179.99,24298.65,,ATX Mid Tower,Black,Tempered Glass,65.5,4
SAMA,SAMA SV01,79.99,10798.65,,ATX Mid Tower,Black,Tempered Glass,43.5,2
be quiet!,be quiet! Pure Base 500DX,109.9,14836.5,,ATX Mid Tower,Black,Tempered Glass,48.3,2
NZXT,NZXT H3 Flow,69.98,9447.3,,MicroATX Mid Tower,White,Tempered Glass,35,1
NZXT,NZXT H5 Flow RGB (2024),89.99,12148.65,,ATX Mid Tower,White,Tempered Glass,45,1
Fractal,Fractal Design Torrent,204.99,27673.65,,ATX Mid Tower,Black,Tinted Tempered Glass,69.8,2
Montech,Montech AIR 100 LITE,79.98,10797.3,,MicroATX Mid Tower,Black,Tempered Glass,36.1,2
Lian,Lian Li A3-mATX,89.99,12148.65,,MicroATX Mini Tower,Black / Brown,Tempered Glass,26.3,1
Thermaltake,Thermaltake Versa H16 ARGB,54.99,7423.65,,MicroATX Mini Tower,Black,Tempered Glass,33,2
GameMax,GameMax Vista M,53.9,7276.5,,MicroATX Mini Tower,Black,Tempered Glass,40.9,2
Phanteks,Phanteks Eclipse G370A,56.98,7692.3,,ATX Mid Tower,Black,Tempered Glass,48.7,0
Thermaltake,Thermaltake View 170 ARGB,67.99,9178.65,,MicroATX Mini Tower,White,Tempered Glass,35,1
Montech,Montech AIR 903 BASE,69.0,9315.0,,ATX Mid Tower,White,Tempered Glass,54.2,2
MSI,MSI MAG PANO 100R PZ,159.99,21598.65,,ATX Mid Tower,Black,Tempered Glass,72.5,2
GAMDIAS,GAMDIAS TALOS E3 MESH,59.99,8098.65,,ATX Mid Tower,Black,Tempered Glass,34.1,2
Antec,Antec NX200M,92.97,12550.95,,MicroATX Mid Tower,Black,Tempered Glass,,2
Fractal,Fractal Design Meshify 2,164.99,22273.65,,ATX Mid Tower,Black,,61.7,6
Fractal,Fractal Design Node 804,134.99,18223.65,,MicroATX Mid Tower,Black,Acrylic,41.1,10
Phanteks,Phanteks NV5 MKII,120.98,16332.3,,ATX Mid Tower,Black,Tempered Glass,60.2,3
Phanteks,Phanteks EVOLV X2,174.98,23622.3,,ATX Mid Tower,Black,Tempered Glass,60.9,2
NZXT,NZXT H7 Flow RGB (2024),149.99,20248.65,,ATX Mid Tower,Black,Tempered Glass,62.1,2
Cooler Master,Cooler Master MasterBox NR200,89.99,12148.65,,Mini ITX Desktop,White / Black,,20.3,2
HYTE,HYTE Y40,129.99,17548.65,,ATX Mid Tower,Black,Tempered Glass,49.7,1
Montech,Montech X5,75.0,10125.0,,ATX Mid Tower,Black,Tempered Glass,51.6,2
HAVN,HAVN HS420,229.99,31048.65,,ATX Mid Tower,Black,Tempered Glass,76.8,5
Thermaltake,Thermaltake Versa H18,54.99,7423.65,,MicroATX Mini Tower,Black,Tempered Glass,30.4,2
Corsair,Corsair iCUE 4000X RGB,144.99,19573.65,,ATX Mid Tower,Black,Tempered Glass,48.6,2
Fractal,Fractal Design Meshify 3,154.99,20923.65,,ATX Mid Tower,Black,Tinted Tempered Glass,50.3,2
Fractal,Fractal Design North,154.97,20920.95,,ATX Mid Tower,White,Mesh,45.1,2
Thermaltake,Thermaltake Core V1,53.68,7246.8,,Mini ITX Desktop,Black,,22.4,2
HYTE,HYTE Y60 Snow White,179.99,24298.65,,ATX Mid Tower,White,Tempered Glass,60,2
Fractal,Fractal Design Node 304,109.99,14848.65,,Mini ITX Tower,Black / White,,19.5,6
Cooler Master,Cooler Master MasterBox TD500 Mesh V2,107.89,14565.15,,ATX Mid Tower,,Tempered Glass,52.4,2
Lian,Lian Li Lancool 207 Digital,104.99,14173.65,,ATX Mid Tower,Black,Tempered Glass,45.5,2
Corsair,Corsair 6500X,199.99,26998.65,,ATX Mid Tower,Black,Tempered Glass,78.3,2
MSI,MSI MAG PANO 100R PZ,159.99,21598.65,,ATX Mid Tower,White,Tempered Glass,72.5,2
Montech,Montech X5M,56.0,7560.0,,MicroATX Mini Tower,White,Tempered Glass,45.3,2
Fractal,Fractal Design Pop Mini Air,99.99,13498.65,,MicroATX Mid Tower,White,Tempered Glass,36.5,2
DIYPC,DIYPC DIY-S07,43.97,5935.95,,ATX Mid Tower,Black,Acrylic,27.5,2
Thermaltake,Thermaltake Versa H17,49.99,6748.65,,MicroATX Mini Tower,Black,,30.4,2
Jonsbo,Jonsbo TK-0,129.99,17548.65,,Mini ITX Desktop,Black,Tempered Glass,16.4,1
Thermaltake,Thermaltake Versa H21,47.99,6478.65,,ATX Mid Tower,Black,,42.8,3
Corsair,Corsair 2500X,145.13,19592.55,,MicroATX Mini Tower,Black,Tempered Glass,54.8,2
Thermaltake,Thermaltake View 270 Plus TG ARGB,89.99,12148.65,,ATX Mid Tower,White,Tempered Glass,47.6,2
HYTE,HYTE Y70,219.99,29698.65,,ATX Mid Tower,Pink,Tempered Glass,70.7,2
Antec,Antec AX20,98.32,13273.2,,ATX Mid Tower,Black,Tempered Glass,33.4,2
Montech,Montech AIR 903 MAX,89.99,12148.65,,ATX Mid Tower,White,Tempered Glass,54.2,2
Fractal,Fractal Design Define 7,194.99,26323.65,,ATX Mid Tower,Black,,62.4,6
MSI,MSI MAG FORGE 100R,157.02,21197.7,,ATX Mid Tower,Black,Tempered Glass,,2
NZXT,NZXT H7 Flow (2024),109.99,14848.65,,ATX Mid Tower,White,Tempered Glass,62.1,2
Fractal,Fractal Design Meshify 2 XL,219.99,29698.65,,ATX Full Tower,Black,Tinted Tempered Glass,81.5,6
Corsair,Corsair 3500X,89.99,12148.65,,ATX Mid Tower,White,Tempered Glass,55.9,2
Corsair,Corsair FRAME 4000D RS ARGB,124.99,16873.65,,ATX Mid Tower,White,Tempered Glass,56.7,2
MSI,MSI MAG FORGE 112R,89.99,12148.65,,ATX Mid Tower,Black,Tempered Glass,42.5,2
Lian,Lian Li O11 Vision Chrome,164.0,22140.0,,ATX Mid Tower,Black,Tinted Tempered Glass,67.8,2
HAVN,HAVN HS420 VGPU,299.99,40498.65,,ATX Mid Tower,Black,Tempered Glass,76.8,5
Corsair,Corsair iCUE 4000X RGB,86.99,11743.65,,ATX Mid Tower,White,Tempered Glass,48.6,2
Asus,Asus Prime AP201,79.98,10797.3,,MicroATX Mini Tower,White,Mesh,33,3
Lian,Lian Li ODYSSEY X,1486.88,200728.8,,ATX Full Tower,Silver / Black,Tempered Glass,,3
Lian,Lian Li Vector V100R,94.0,12690.0,,ATX Mid Tower,White,Tempered Glass,53.2,1
Thermaltake,Thermaltake The Tower 300,99.99,13498.65,,MicroATX Mini Tower,Black,Tempered Glass,53,3
Asus,Asus TUF Gaming GT502,179.97,24295.95,,ATX Mid Tower,Black,Tempered Glass,57.2,4
Thermaltake,Thermaltake The Tower 600,169.99,22948.65,,ATX Mid Tower,Black,Tempered Glass,66.2,1
Corsair,Corsair iCUE LINK 3500X RGB,159.99,21598.65,,ATX Mid Tower,Black,Tempered Glass,55.9,2
Corsair,Corsair 3000D RGB AIRFLOW,124.99,16873.65,,ATX Mid Tower,Black,Tempered Glass,49.5,2
Cooler Master,Cooler Master N400,64.99,8773.65,,ATX Mid Tower,Black,,40.2,7
Asus,Asus Prime AP201,83.99,11338.65,,MicroATX Mini Tower,Black,Tempered Glass,33,3
Lian,Lian Li LANCOOL 216 RGB,105.97,14305.95,,ATX Mid Tower,White,Tempered Glass,55.6,2
NZXT,NZXT H9 Flow (2025),159.99,21598.65,,ATX Mid Tower,White,Tempered Glass,76.7,2
Fractal,Fractal Design Define 7 XL,224.99,30373.65,,ATX Full Tower,Black,,82,6
be quiet!,be quiet! Pure Base 501 Airflow,106.99,14443.65,,ATX Mid Tower,Black,,48.1,2
Cooler Master,Cooler Master N200,59.99,8098.65,,MicroATX Mini Tower,Black,,33.8,2
Fractal,Fractal Design Pop Air,84.99,11473.65,,ATX Mid Tower,Black,,46.2,2
BGears,BGears b-Vortex-RGB,48.99,6613.65,,ATX Mid Tower,Black,Tempered Glass,38.3,2
Lian,Lian Li LANCOOL 205M MESH,89.99,12148.65,,MicroATX Mini Tower,Black,Tempered Glass,33.8,2
Jonsbo,Jonsbo N4,119.99,16198.65,,MicroATX Desktop,Black / Brown,Mesh,19.6,6
be quiet!,be quiet! Light Base 600 LX,179.9,24286.5,,ATX Mid Tower,Black,Tempered Glass,59.7,1
BGears,BGears b-Pellucid,54.99,7423.65,,MicroATX Mini Tower,Black,Tinted Tempered Glass,36.6,1
Vetroo,Vetroo AL900,84.99,11473.65,,ATX Mid Tower,Pink,Tempered Glass,48.1,0
Phanteks,Phanteks XT PRO ULTRA,81.98,11067.3,,ATX Mid Tower,White,Tempered Glass,51.8,2
Thermaltake,Thermaltake View 380 ARGB,103.99,14038.65,,ATX Mid Tower,Black,Tinted Tempered Glass,51.6,1
Fractal,Fractal Design Pop XL Silent,109.99,14848.65,,ATX Full Tower,Black,,62.4,3
HYTE,HYTE Y70 Touch Infinite,419.99,56698.65,,ATX Mid Tower,Red / Black,Tempered Glass,70.7,2
Corsair,Corsair iCUE 7000X RGB,359.99,48598.65,,ATX Full Tower,Black,Tempered Glass,81.8,6
SAMA,SAMA SV01,79.99,10798.65,,ATX Mid Tower,White,Tempered Glass,43.5,2
PC,PC Cooler I100 PRO MESH,101.69,13728.15,,Mini ITX Desktop,Gray,Mesh,7.5,1
Montech,Montech X3 Mesh,69.98,9447.3,,ATX Mid Tower,White,Tempered Glass,,2
Cooler Master,Cooler Master MasterBox NR200P V2,104.99,14173.65,,Mini ITX Desktop,White,Mesh,20.1,1
Lian,Lian Li LANCOOL 217,124.99,16873.65,,ATX Mid Tower,White / Brown,Tempered Glass,57.7,1
Antec,Antec C3 ARGB,97.19,13120.65,,ATX Mid Tower,Black,Tempered Glass,47.9,1
Thermaltake,Thermaltake Versa H16 ARGB,49.99,6748.65,,MicroATX Mini Tower,White,Tempered Glass,33,2
NZXT,NZXT H5 Flow RGB (2023),59.99,8098.65,,ATX Mid Tower,Black,Tempered Glass,47,1
Fractal,Fractal Design Focus 2,77.98,10527.3,,ATX Mid Tower,Black,Tempered Glass,45.8,2
Asus,Asus A31,74.98,10122.3,,ATX Mid Tower,Black,Tempered Glass,52.9,2
Corsair,Corsair iCUE 5000D RGB AIRFLOW,204.99,27673.65,,ATX Mid Tower,Black,Tempered Glass,66.2,2
Antec,Antec C8 Curve Wood,152.99,20653.65,,ATX Mid Tower,Black / Brown,Tempered Glass,66.9,1
Jonsbo,Jonsbo C6 MAX,79.99,10798.65,,MicroATX Desktop,Black,Tempered Glass,20.8,1
Zalman,Zalman S3,49.99,6748.65,,ATX Mid Tower,Black,Acrylic,38.4,2
Phanteks,Phanteks XT View,99.98,13497.3,,ATX Mid Tower,Black,Tempered Glass,50.6,2
Cooler Master,Cooler Master QUBE 500 Flatpack,79.98,10797.3,,ATX Mid Tower,Black,Tempered Glass,38.9,4
Thermaltake,Thermaltake TR100,149.99,20248.65,,Mini ITX Desktop,Black,Mesh,20.6,0
Montech,Montech SKY TWO,99.99,13498.65,,ATX Mid Tower,Black,Tempered Glass,45.3,2
BitFenix,BitFenix Nova Mesh SE,69.9,9436.5,,ATX Mid Tower,Black,Tempered Glass,36.1,2
Corsair,Corsair iCUE LINK 3500X RGB,159.99,21598.65,,ATX Mid Tower,White,Tempered Glass,55.9,2
MSI,MSI MPG GUNGNIR 110R,109.97,14845.95,,ATX Mid Tower,Black,Tempered Glass,,2
DIYPC,DIYPC DIY-CUBE01,58.98,7962.3,,MicroATX Mini Tower,White,Tempered Glass,40,0
Phanteks,Phanteks Enthoo Pro Tempered Glass,143.98,19437.3,,ATX Full Tower,Black,Tinted Tempered Glass,69.1,6
MSI,MSI MAG PANO M100R PZ,129.99,17548.65,,MicroATX Mid Tower,White,Tempered Glass,41.9,1
Jonsbo,Jonsbo D31 MESH,87.99,11878.65,,MicroATX Mini Tower,Black,Tempered Glass,31.3,1
Montech,Montech XR Wood,67.9,9166.5,,ATX Mid Tower,White / Brown,Tempered Glass,49.8,2
Asus,Asus ProArt PA602,275.99,37258.65,,ATX Mid Tower,Black,Tempered Glass,81.4,4
GAMDIAS,GAMDIAS ATHENA M3,74.98,10122.3,,ATX Mid Tower,Black,Tempered Glass,45.1,2
Asus,Asus A21,57.99,7828.65,,MicroATX Mini Tower,Black,Tempered Glass,44,2
Fractal,Fractal Design North XL,194.99,26323.65,,ATX Full Tower,White,Mesh,61.4,2
Corsair,Corsair 6500X,199.99,26998.65,,ATX Mid Tower,White,Tempered Glass,78.3,2
Jonsbo,Jonsbo N5,254.99,34423.65,,ATX Full Tower,Black / Brown,Mesh,50.1,12
Phanteks,Phanteks EVOLV X2,219.98,29697.3,,ATX Mid Tower,White,Tempered Glass,60.9,2
Corsair,Corsair 2500X,144.38,19491.3,,MicroATX Mini Tower,White,Tempered Glass,54.8,2
Aerocool,Aerocool Prism V2 RGB,59.99,8098.65,,ATX Mid Tower,Black,Tempered Glass,41.7,2
SSUPD,SSUPD Meshroom D,99.99,13498.65,,Mini ITX Desktop,Black,Mesh,15,3
Okinos,Okinos Aqua 3,67.98,9177.3,,MicroATX Mini Tower,White,Tempered Glass,28.8,2
SAMA,SAMA ARGB-Q5,63.99,8638.65,,MicroATX Mini Tower,White,Tempered Glass,31.5,2
Antec,Antec NX410,54.99,7423.65,,ATX Mid Tower,White,Tempered Glass,39.7,2
Antec,Antec C8,119.99,16198.65,,ATX Full Tower,White / Silver,Tempered Glass,66.9,2
Fractal,Fractal Design Pop Mini Silent,84.99,11473.65,,MicroATX Mid Tower,Black,,36.5,2
Lian,Lian Li Q58 (PCIe 4.0),94.99,12823.65,,Mini ITX Desktop,White,Tempered Glass,14.5,0
HYTE,HYTE Y70,219.99,29698.65,,ATX Mid Tower,White / Black,Tempered Glass,70.7,2
Corsair,Corsair iCUE 4000D RGB AIRFLOW,89.99,12148.65,,ATX Mid Tower,White,Tempered Glass,48.6,2
MSI,MSI MAG PANO M100R PZ,127.76,17247.6,,MicroATX Mid Tower,Black,Tempered Glass,41.9,1
Fractal,Fractal Design Era 2,212.98,28752.3,,Mini ITX Tower,Black / Brown,Mesh,19,0
ZZEW,ZZEW A1 Plus,109.99,14848.65,,Mini ITX Tower,Silver,Mesh,5.8,0
Fractal,Fractal Design Meshify 3 Ambience Pro RGB,239.99,32398.65,,ATX Mid Tower,Black,Tinted Tempered Glass,50.3,2
Jonsbo,Jonsbo C6,60.0,8100.0,,MicroATX Mini Tower,Black,Mesh,15.9,1
Jonsbo,Jonsbo N3,154.99,20923.65,,Mini ITX Desktop,Black,,18.2,0
be quiet!,be quiet! Light Base 900 FX,249.9,33736.5,,ATX Full Tower,Black,Tempered Glass,84.2,1
Thermaltake,Thermaltake View 380 XL TG ARGB,99.99,13498.65,,ATX Mid Tower,Black,Tempered Glass,63.6,1
Cooler Master,Cooler Master HAF 700 EVO,449.99,60748.65,,ATX Full Tower,Gray / Black,Tempered Glass,,12
darkFlash,darkFlash DB330M,59.49,8031.15,,MicroATX Mini Tower,Black,Tempered Glass,29,1
Corsair,Corsair 2000D AIRFLOW,139.99,18898.65,,Mini ITX Tower,Black,Mesh,24.8,0
Corsair,Corsair 2500D Airflow,101.93,13760.55,,MicroATX Mini Tower,Black,Tempered Glass,54.8,2
Corsair,Corsair 2000D AIRFLOW,119.99,16198.65,,Mini ITX Tower,White,Mesh,24.8,0
be quiet!,be quiet! Silent Base 802,189.9,25636.5,,ATX Mid Tower,Black,,83.8,3
Fractal,Fractal Design Mood,162.97,22000.95,,Mini ITX Tower,Black,Mesh,20.4,1
HYTE,HYTE Y40,129.99,17548.65,,ATX Mid Tower,White,Tempered Glass,49.7,1
Antec,Antec C8,199.8,26973.0,,ATX Full Tower,White,Tempered Glass,66.9,2
Fractal,Fractal Design Meshify 3,154.99,20923.65,,ATX Mid Tower,Black,,50.3,2
DARKROCK,DARKROCK Classico Storage Master,89.99,12148.65,,ATX Mid Tower,Black,Mesh,,10
Corsair,Corsair iCUE 220T RGB Airflow,84.98,11472.3,,ATX Mid Tower,Black,Tempered Glass,37.3,2
HYTE,HYTE Y40,129.99,17548.65,,ATX Mid Tower,White / Black,Tempered Glass,49.7,1
Zalman,Zalman P30,79.99,10798.65,,MicroATX Mini Tower,White,Tempered Glass,45.7,2
Corsair,Corsair 9000D RGB AIRFLOW,519.99,70198.65,,ATX Full Tower,White,Tempered Glass,149.6,5
Jonsbo,Jonsbo N10,61.99,8368.65,,Mini ITX Tower,Black,Mesh,4.5,0
ENDORFY,ENDORFY Ventum 200 Air,64.0,8640.0,,ATX Mid Tower,Black,Tempered Glass,35.4,1
HAVN,HAVN HS420 VGPU,299.99,40498.65,,ATX Mid Tower,White,Tempered Glass,76.8,5
Jonsbo,Jonsbo N2,136.99,18493.65,,Mini ITX Desktop,Black,,11.1,5
Antec,Antec AX61 ELITE,79.03,10669.05,,ATX Mid Tower,Black,Tempered Glass,36.4,2
Thermaltake,Thermaltake TR100,149.99,20248.65,,Mini ITX Desktop,Green / Black,Mesh,20.6,0
Fractal,Fractal Design Core 1000 USB 3.0,49.99,6748.65,,MicroATX Mid Tower,Black,,25.8,2
HYTE,HYTE Y60,179.99,24298.65,,ATX Mid Tower,White / Black,Tempered Glass,60,2
MSI,MSI MAG FORGE M100A,108.62,14663.7,,MicroATX Mid Tower,Black,Tempered Glass,32.8,2
HYTE,HYTE Y70,219.99,29698.65,,ATX Mid Tower,Purple,Tempered Glass,70.7,2
DIYPC,DIYPC ARGB-N1,71.99,9718.65,,MicroATX Mid Tower,White,Tempered Glass,44.7,2
Phanteks,Phanteks XT M3,67.98,9177.3,,MicroATX Mid Tower,White,Tempered Glass,40,1
Fractal,Fractal Design Focus 2 RGB,89.99,12148.65,,ATX Mid Tower,Black,Tempered Glass,45.8,2
SAMA,SAMA 3509,64.99,8773.65,,ATX Mid Tower,Black,Tempered Glass,41.4,2
Asus,Asus Prime AP201,84.99,11473.65,,MicroATX Mini Tower,White,Tempered Glass,33,3
be quiet!,be quiet! Light Base 900 DX,204.9,27661.5,,ATX Full Tower,Black,Tempered Glass,84.2,1
DIYPC,DIYPC ARGB Q10,72.99,9853.65,,ATX Mid Tower,Black,Tempered Glass,50.4,1
Asus,Asus TUF Gaming GT501,164.99,22273.65,,ATX Mid Tower,Black / Gray,Tempered Glass,75.5,4
Asus,Asus TUF Gaming GT302 ARGB,166.03,22414.05,,ATX Mid Tower,Black,Tempered Glass,59.3,2
NZXT,NZXT H5 Elite,195.0,26325.0,,ATX Mid Tower,Black,Tempered Glass,47,1
Fractal,Fractal Design Pop XL Air,119.99,16198.65,,ATX Full Tower,White,Tempered Glass,62.4,3
Silverstone,Silverstone ALTA D1,838.88,113248.8,,ATX Full Tower,Black,Mesh,78.8,4
Corsair,Corsair 6500D Airflow,199.99,26998.65,,ATX Mid Tower,Black,Tempered Glass,78.3,2
Fractal,Fractal Design Meshify 3 XL Ambience Pro RGB,274.99,37123.65,,ATX Full Tower,Black,Tinted Tempered Glass,72.6,2
Fractal,Fractal Design Core 1100,49.99,6748.65,,MicroATX Mini Tower,Black,,25.7,2
Fractal,Fractal Design Pop Air,99.99,13498.65,,ATX Mid Tower,White,Tempered Glass,46.2,2
Cooler Master,Cooler Master Elite 301 Lite,55.99,7558.65,,MicroATX Mini Tower,White,Tempered Glass,34.1,1
Corsair,Corsair iCUE 4000D RGB AIRFLOW,149.99,20248.65,,ATX Mid Tower,Black,Tempered Glass,48.6,2
NZXT,NZXT H7 Flow RGB (2024),149.99,20248.65,,ATX Mid Tower,White,Tempered Glass,62.1,2
Corsair,Corsair iCUE LINK 6500X RGB,269.99,36448.65,,ATX Mid Tower,Black,Tempered Glass,78.3,2
Fractal,Fractal Design Torrent,204.99,27673.65,,ATX Mid Tower,Black,,69.8,2
MSI,MSI MPG GUNGNIR 300R AIRFLOW,129.99,17548.65,,ATX Mid Tower,Black,Tempered Glass,60.5,2
Fractal,Fractal Design Torrent RGB,236.99,31993.65,,ATX Mid Tower,Black,Tinted Tempered Glass,69.8,2
Corsair,Corsair iCUE 5000X RGB,204.99,27673.65,,ATX Mid Tower,Black,Tempered Glass,66.2,2
Asus,Asus ProArt PA602 Wood Edition,279.99,37798.65,,ATX Mid Tower,Black / Brown,Tempered Glass,81.4,4
Fractal,Fractal Design Define 7 Compact,124.99,16873.65,,ATX Mid Tower,Black,,42.5,2
Zalman,Zalman S4,49.98,6747.3,,ATX Mid Tower,Black,Tinted Acrylic,,2
Fractal,Fractal Design Meshify 3 XL,184.99,24973.65,,ATX Full Tower,Black,,72.6,2
Lian,Lian Li Lancool II Mesh,295.0,39825.0,,ATX Mid Tower,Black,Tempered Glass,54.1,3
Cooler Master,Cooler Master NCORE 100 AIR,139.99,18898.65,,Mini ITX Tower,Black,Mesh,16.4,0
Fractal,Fractal Design Meshify 2 Compact TG Light Tint,147.98,19977.3,,ATX Mid Tower,Black,Tempered Glass,42.3,2
Fractal,Fractal Design Mood,164.99,22273.65,,Mini ITX Tower,Gray,Mesh,20.4,1
Raidmax,Raidmax INFINITA i802 AIR,59.99,8098.65,,ATX Mid Tower,Black,Tempered Glass,38,2
be quiet!,be quiet! Pure Base 600,99.9,13486.5,,ATX Mid Tower,Black,,50.9,3
GAMDIAS,GAMDIAS ATLAS M1,84.99,11473.65,,ATX Mid Tower,Black,Tempered Glass,41,1
Lian,Lian Li O11D EVO RGB Automobili Lamborghini,299.99,40498.65,,ATX Mid Tower,Black / Gold,Tempered Glass,65.3,4
ENDORFY,ENDORFY Ventum 200 ARGB,72.0,9720.0,,ATX Mid Tower,Black,Tempered Glass,35.4,1
Corsair,Corsair 2500X Walnut,159.99,21598.65,,MicroATX Mini Tower,Black / Brown,Tempered Glass,54.8,2
GameMax,GameMax F46,66.99,9043.65,,ATX Mid Tower,Black,Tempered Glass,40.6,2
MUSETEX,MUSETEX NN8,79.98,10797.3,,ATX Mid Tower,Black,Tempered Glass,39.5,2
Zalman,Zalman CUBIX,37.99,5128.65,,MicroATX Mini Tower,White,,,1
be quiet!,be quiet! Pure Base 500 FX,124.93,16865.55,,ATX Mid Tower,Black,Tempered Glass,48.3,2
Corsair,Corsair FRAME 4000D,104.99,14173.65,,ATX Mid Tower,White,Tempered Glass,56.7,2
Jonsbo,Jonsbo Jonsplus Z20,104.98,14172.3,,MicroATX Desktop,White,Tempered Glass,25.3,1
Jonsbo,Jonsbo Jonsplus Z20,104.0,14040.0,,MicroATX Desktop,Orange / Black,Tempered Glass,25.3,1
Jonsbo,Jonsbo D32 PRO,80.99,10933.65,,MicroATX Desktop,White,Tempered Glass,25.7,2
Thermaltake,Thermaltake AX700,399.99,53998.65,,ATX Full Tower,Black,Mesh,141.4,18
Vetroo,Vetroo AL800,59.99,8098.65,,ATX Mid Tower,Pink,Tempered Glass,46.4,2
Thermaltake,Thermaltake View 380 ARGB,114.99,15523.65,,ATX Mid Tower,White,Tinted Tempered Glass,51.6,1
iBuypower,iBuypower Trace 7 Mesh Pro ARGB,114.99,15523.65,,ATX Mid Tower,Black,Tempered Glass,51.8,2
BitFenix,BitFenix TRITON,69.9,9436.5,,ATX Mid Tower,Black,Tempered Glass,45.1,2
Fractal,Fractal Design Pop Silent,84.99,11473.65,,ATX Mid Tower,Black,,46.2,2
Asus,Asus TUF Gaming GT301,92.99,12553.65,,ATX Mid Tower,Black,Tempered Glass,43.9,2
HYTE,HYTE REVOLT 3,129.99,17548.65,,Mini ITX Tower,Black,Mesh,18.4,1
Cooler Master,Cooler Master MasterBox TD500 Mesh V2,109.99,14848.65,,ATX Mid Tower,White,Tempered Glass,52.4,2
Fractal,Fractal Design Meshify C,99.99,13498.65,,ATX Mid Tower,Black,,40.6,2
Zalman,Zalman i4,59.99,8098.65,,ATX Mid Tower,Black,Mesh,43.1,2
HAVN,HAVN HS420,229.99,31048.65,,ATX Mid Tower,White,Tempered Glass,76.8,5
Thermaltake,Thermaltake The Tower 300,112.99,15253.65,,MicroATX Mini Tower,White,Tempered Glass,53,3
Montech,Montech X5,75.0,10125.0,,ATX Mid Tower,White,Tempered Glass,51.6,2
Jonsbo,Jonsbo C6 Handle,64.0,8640.0,,MicroATX Mini Tower,Black,Mesh,15.9,1
Montech,Montech Heritage PRO,109.9,14836.5,,MicroATX Mid Tower,Black,Tempered Glass,41.5,1
Phanteks,Phanteks NV5 MKII,135.98,18357.3,,ATX Mid Tower,White,Tempered Glass,60.2,3
Thermaltake,Thermaltake View 270 Plus TG ARGB,86.99,11743.65,,ATX Mid Tower,Green,Tempered Glass,47.6,2
Montech,Montech SKY TWO GX,117.1,15808.5,,ATX Mid Tower,Black,Tempered Glass,49.5,2
Thermaltake,Thermaltake The Tower 250,149.95,20243.25,,Mini ITX Tower,Black,Tempered Glass,42.7,1
NZXT,NZXT H9 Flow RGB (2025),209.99,28348.65,,ATX Mid Tower,Black,Tinted Tempered Glass,76.7,2
Corsair,Corsair 5000D AIRFLOW,174.99,23623.65,,ATX Mid Tower,White / Gray,Tempered Glass,66.2,2
Thermaltake,Thermaltake The Tower 600,189.99,25648.65,,ATX Mid Tower,White,Tempered Glass,66.2,1
NZXT,NZXT H5 Elite,69.99,9448.65,,ATX Mid Tower,White,Tempered Glass,47,1
be quiet!,be quiet! Light Base 600 DX,140.62,18983.7,,ATX Mid Tower,Black,Tempered Glass,59.7,1
Corsair,Corsair 3000D AIRFLOW,99.99,13498.65,,ATX Mid Tower,White,Tempered Glass,49.5,2
Jonsbo,Jonsbo Jonsplus Z20,104.0,14040.0,,MicroATX Desktop,Pink / White,Tempered Glass,25.3,1
Cooler Master,Cooler Master MasterBox 600,294.6,39771.0,,ATX Mid Tower,Black,Tempered Glass,52.4,2
Phanteks,Phanteks XT View,98.99,13363.65,,ATX Mid Tower,White,Tempered Glass,50.6,2
Fractal,Fractal Design Meshify 2,159.99,21598.65,,ATX Mid Tower,Black,Tinted Tempered Glass,61.7,6
Lian,Lian Li LANCOOL 205M MESH,89.99,12148.65,,MicroATX Mini Tower,White,Tempered Glass,33.8,2
Antec,Antec Performance 1 FT,122.99,16603.65,,ATX Full Tower,Black,Tempered Glass,62.7,2
darkFlash,darkFlash DB330M,69.98,9447.3,,MicroATX Mini Tower,White,Tempered Glass,29,1
Rosewill,Rosewill Helium NAS,79.98,10797.3,,ATX Mid Tower,Black,Mesh,,10
Asus,Asus ProArt PA401 Wood Edition,139.99,18898.65,,ATX Mid Tower,Black,Tempered Glass,46.6,2
Zalman,Zalman T6,52.08,7030.8,,ATX Mid Tower,Black,,32.4,2
MSI,MSI MEG MAESTRO 700L PZ,409.99,55348.65,,ATX Mid Tower,Black,Tempered Glass,66.8,0
Cougar,Cougar MX330-X,55.99,7558.65,,ATX Mid Tower,Black,,39.4,2
DIYPC,DIYPC ARGB-G5,56.9,7681.5,,ATX Mid Tower,White,Tempered Glass,,1
Rosewill,Rosewill FBM-X3,89.99,12148.65,,MicroATX Mid Tower,Black,Tempered Glass,37,2
Cooler Master,Cooler Master HAF 500,99.99,13498.65,,ATX Mid Tower,Black,Tempered Glass,,2
Corsair,Corsair 2000D RGB AIRFLOW,199.99,26998.65,,Mini ITX Tower,Black,Mesh,24.8,0
be quiet!,be quiet! Pure Base 500,79.9,10786.5,,ATX Mid Tower,Black,,46,2
Vetroo,Vetroo AL700,68.98,9312.3,,ATX Mid Tower,White,Tempered Glass,48.1,1
Corsair,Corsair 2500D Airflow,103.67,13995.45,,MicroATX Mini Tower,White,Tempered Glass,54.8,2
Fractal,Fractal Design Meshify 3 XL,184.99,24973.65,,ATX Full Tower,Black,Tinted Tempered Glass,72.6,2
Antec,Antec CX600M ARGB,80.73,10898.55,,MicroATX Mini Tower,Black,Tempered Glass,46.8,1
Asus,Asus TUF Gaming GT502 Horizon,194.99,26323.65,,ATX Mid Tower,Black,Tempered Glass,57.2,4
DIYPC,DIYPC ARGB-G5,57.94,7821.9,,ATX Mid Tower,Black,Tempered Glass,,1
NZXT,NZXT H7 Flow (2022),129.99,17548.65,,ATX Mid Tower,Black,Tempered Glass,55.8,2
MSI,MSI MPG VELOX 100R,139.99,18898.65,,ATX Mid Tower,Black,Tempered Glass,53.7,2
Thermaltake,Thermaltake View 270 Plus TG ARGB,88.99,12013.65,,ATX Mid Tower,Blue,Tempered Glass,47.6,2
Lian,Lian Li O11 Air Mini,209.95,28343.25,,ATX Mid Tower,White,Tempered Glass,44.2,4
be quiet!,be quiet! Silent Base 802,205.31,27716.85,,ATX Mid Tower,Black,Tempered Glass,83.8,3
ENDORFY,ENDORFY Arx 700 ARGB,124.5,16807.5,,ATX Mid Tower,Black,Tempered Glass,54.2,1
Fractal,Fractal Design Define 7 XL Dark,254.99,34423.65,,ATX Full Tower,Black,Tinted Tempered Glass,82,6
NZXT,NZXT H5 Flow RGB (2023),119.99,16198.65,,ATX Mid Tower,White,Tempered Glass,47,1
Corsair,Corsair FRAME 4000D RS,94.99,12823.65,,ATX Mid Tower,White,Tempered Glass,56.7,2
be quiet!,be quiet! Pure Base 501 Airflow,109.9,14836.5,,ATX Mid Tower,Black,Tempered Glass,48.1,2
Phanteks,Phanteks Enthoo Pro Closed Panel,155.16,20946.6,,ATX Full Tower,Black,,69.1,6
Antec,Antec C8 ARGB,136.99,18493.65,,ATX Full Tower,Black,Tempered Glass,66.9,2
Thermaltake,Thermaltake Core V1,59.99,8098.65,,Mini ITX Desktop,White,Acrylic,22.4,2
HYTE,HYTE Y70,219.99,29698.65,,ATX Mid Tower,Black / Red,Tempered Glass,70.7,2
BitFenix,BitFenix CETO300,79.0,10665.0,,ATX Mid Tower,Black,Tempered Glass,47.9,1
Lian,Lian Li LANCOOL 205 Mesh C,117.99,15928.65,,ATX Mid Tower,Pink,Tempered Glass,41.3,2
Silverstone,Silverstone SG13,74.61,10072.35,,Mini ITX Tower,Black,,11.5,1
NZXT,NZXT H7 Flow (2022),129.99,17548.65,,ATX Mid Tower,White / Black,Tempered Glass,55.8,2
Lian,Lian Li LANCOOL 205 Mesh C,119.99,16198.65,,ATX Mid Tower,Black,Tempered Glass,41.3,2
Thermaltake,Thermaltake TR100,137.99,18628.65,,Mini ITX Desktop,White,Mesh,20.6,0
Zalman,Zalman S3,52.99,7153.65,,ATX Mid Tower,Black,Tempered Glass,38.4,2
Fractal,Fractal Design Focus G Mini,76.51,10328.85,,MicroATX Mini Tower,Black,Acrylic,36.4,2
Okinos,Okinos Cypress 3,64.98,8772.3,,MicroATX Mini Tower,Black,Tempered Glass,,2
Corsair,Corsair 3000D RGB AIRFLOW,129.99,17548.65,,ATX Mid Tower,White,Tempered Glass,49.5,2
NZXT,NZXT H9 Flow RGB (2025),209.99,28348.65,,ATX Mid Tower,White,Tempered Glass,76.7,2
be quiet!,be quiet! Shadow Base 800 FX,219.9,29686.5,,ATX Mid Tower,Black,Tempered Glass,70.9,2
Phanteks,Phanteks NV7,215.98,29157.3,,ATX Full Tower,Black,Tempered Glass,78.9,2
Asus,Asus A31,74.98,10122.3,,ATX Mid Tower,White,Tempered Glass,52.9,2
Cooler Master,Cooler Master QUBE 500 Flatpack,80.99,10933.65,,ATX Mid Tower,White,Tempered Glass,38.9,4
Thermaltake,Thermaltake S100,74.98,10122.3,,MicroATX Mini Tower,Black,Tempered Glass,,2
Fractal,Fractal Design Define 7 Mini,119.99,16198.65,,MicroATX Mini Tower,Black,,33.2,2
Silverstone,Silverstone GD09 Type-C,119.46,16127.1,,HTPC,Black,Mesh,26.5,2
be quiet!,be quiet! Light Base 600 LX,172.05,23226.75,,ATX Mid Tower,White,Tempered Glass,59.7,1
Corsair,Corsair iCUE LINK 6500X RGB,269.99,36448.65,,ATX Mid Tower,White,Tempered Glass,78.3,2
Antec,Antec FLUX SE,104.99,14173.65,,ATX Mid Tower,Black / Brown,Tempered Glass,58.1,2
Silverstone,Silverstone FARA H1M,85.34,11520.9,,MicroATX Mini Tower,Black,Tempered Glass,30.1,2
BitFenix,BitFenix CETO300,79.0,10665.0,,ATX Mid Tower,White,Tempered Glass,47.9,1
GAMDIAS,GAMDIAS TALOS E3 MESH,59.99,8098.65,,ATX Mid Tower,White,Tempered Glass,34.1,2
Fractal,Fractal Design Focus 2 RGB,89.99,12148.65,,ATX Mid Tower,White / Black,Tempered Glass,45.8,2
Jonsbo,Jonsbo D32 PRO MESH,74.99,10123.65,,MicroATX Desktop,,Mesh,25.7,2
Cooler Master,Cooler Master MasterBox NR400 (w/ODD),77.98,10527.3,,MicroATX Mid Tower,Black,Tempered Glass,35.5,4
Jonsbo,Jonsbo TK-3,124.88,16858.8,,ATX Mid Tower,Black,Tempered Glass,52.3,2
Asus,Asus TUF Gaming GT502,173.73,23453.55,,ATX Mid Tower,White,Tempered Glass,57.2,4
Lian,Lian Li LANCOOL III RGB,300.47,40563.45,,ATX Mid Tower,White,Tempered Glass,65.5,4
Corsair,Corsair iCUE 7000X RGB,359.99,48598.65,,ATX Full Tower,White,Tempered Glass,81.8,6
GameMax,GameMax Defender MB,58.99,7963.65,,MicroATX Mini Tower,Black,Tempered Glass,43.6,2
Asus,Asus GX601,239.99,32398.65,,ATX Full Tower,White / Black,Tempered Glass,83.5,2
Cooler Master,Cooler Master MasterBox MB520 ARGB,268.13,36197.55,,ATX Mid Tower,Black,Tempered Glass,,2
Fractal,Fractal Design Era 2,218.14,29448.9,,Mini ITX Tower,Blue / Brown,Mesh,19,0
Lian,Lian Li SUP01,79.99,10798.65,,ATX Mid Tower,Black,Tempered Glass,45.7,2
NZXT,NZXT H7 Elite (2023),109.99,14848.65,,ATX Mid Tower,White,Tempered Glass,55.8,2
Fractal,Fractal Design Epoch,109.99,14848.65,,ATX Mid Tower,Black,,45.1,2
Corsair,Corsair iCUE 5000D RGB AIRFLOW,219.99,29698.65,,ATX Mid Tower,White,Tempered Glass,66.2,2
Antec,Antec FLUX PRO,173.99,23488.65,,ATX Full Tower,White / Brown,Tempered Glass,70.8,4
SAMA,SAMA NEVIEW 4503,114.99,15523.65,,ATX Mid Tower,Black,Tempered Glass,54.7,0
Corsair,Corsair iCUE 5000T LX RGB,344.99,46573.65,,ATX Mid Tower,Black,Tempered Glass,74.5,2
Thermaltake,Thermaltake Core W200,549.99,74248.65,,ATX Full Tower,Black,Acrylic,,4
Fractal,Fractal Design Era 2,219.99,29698.65,,Mini ITX Tower,Silver / Brown,Mesh,19,0
NZXT,NZXT H7 Flow (2022),139.98,18897.3,,ATX Mid Tower,White,Tempered Glass,55.8,2
Jonsbo,Jonsbo C6-ITX,62.0,8370.0,,Mini ITX Desktop,White,Mesh,15.9,1
Fractal,Fractal Design Torrent Compact RGB,184.99,24973.65,,ATX Mid Tower,Black,Tinted Tempered Glass,46.7,1
ENDORFY,ENDORFY Arx 700 Air,114.0,15390.0,,ATX Mid Tower,Black,Tempered Glass,54.2,1
Antec,Antec C3 ARGB,92.99,12553.65,,ATX Mid Tower,White,Tempered Glass,47.9,1
HYTE,HYTE Y70,219.99,29698.65,,ATX Mid Tower,Blue,Tempered Glass,70.7,2
Fractal,Fractal Design Meshify 2 Mini,289.73,39113.55,,MicroATX Mid Tower,Black,Tinted Tempered Glass,33,2
APNX,APNX V1,149.99,20248.65,,ATX Mid Tower,Black / Brown,Tempered Glass,70.4,2
Cooler Master,Cooler Master TD300 Mesh,80.99,10933.65,,MicroATX Mini Tower,Black,Tempered Glass,,2
Cooler Master,Cooler Master Elite 302,64.98,8772.3,,MicroATX Mini Tower,Black,Tempered Glass,34.1,1
Antec,Antec FLUX,99.99,13498.65,,ATX Mid Tower,White / Brown,Tempered Glass,58.1,2
Montech,Montech SKY TWO,109.31,14756.85,,ATX Mid Tower,White,Tempered Glass,45.3,2
Zalman,Zalman P10,69.96,9444.6,,MicroATX Mini Tower,White,Tempered Glass,,2
Aerocool,Aerocool Trinity Mini V2,89.66,12104.1,,MicroATX Mini Tower,Black,Tempered Glass,28.1,2
Thermaltake,Thermaltake S100 Snow Edition,74.98,10122.3,,MicroATX Mini Tower,White / Black,Tempered Glass,,2
Silverstone,Silverstone FARA H1M PRO,89.99,12148.65,,MicroATX Mini Tower,Black,Tempered Glass,30.1,2
Apevia,Apevia PRISM,79.98,10797.3,,MicroATX Mid Tower,Black,Tempered Glass,35.4,2
HP,HP OMEN 45L,349.99,47248.65,,ATX Mid Tower,Black,Tempered Glass,53.2,2
Jonsbo,Jonsbo NV10,85.0,11475.0,,Mini ITX Desktop,Silver / Brown,Mesh,4.5,0
Phanteks,Phanteks NV9,272.99,36853.65,,ATX Full Tower,White,Tempered Glass,99,3
Jonsbo,Jonsbo TK-3,131.0,17685.0,,ATX Mid Tower,White,Tempered Glass,52.3,2
Thermaltake,Thermaltake View 270 Plus TG ARGB,89.99,12148.65,,ATX Mid Tower,Pink / Blue,Tempered Glass,47.6,2
Lian,Lian Li Lancool II Mesh C RGB,239.95,32393.25,,ATX Mid Tower,White,Tempered Glass,54.1,3
Fractal,Fractal Design Pop Air,99.99,13498.65,,ATX Mid Tower,Pink / Black,Tempered Glass,46.2,2
Antec,Antec VSK4000E U3,98.69,13323.15,,ATX Mid Tower,Black,,,5
Jonsbo,Jonsbo D31 MESH,87.99,11878.65,,MicroATX Mini Tower,White,Tempered Glass,31.3,1
Montech,Montech HS02 Pro,119.9,16186.5,,ATX Mid Tower,Black,Tempered Glass,55.3,2
SAMA,SAMA V40,79.99,10798.65,,ATX Mid Tower,Black,Tempered Glass,47.9,3
Fractal,Fractal Design Pop Air,99.99,13498.65,,ATX Mid Tower,Orange / Black,Tempered Glass,46.2,2
Jonsbo,Jonsbo C6 MAX,88.9,12001.5,,MicroATX Desktop,White,Tempered Glass,20.8,1
Phanteks,Phanteks ECLIPSE G500A DRGB,141.99,19168.65,,ATX Mid Tower,White,Tempered Glass,61.8,2
Thermaltake,Thermaltake View 380 XL TG ARGB,89.99,12148.65,,ATX Mid Tower,White,Tempered Glass,63.6,1
Fractal,Fractal Design North XL RC,179.99,24298.65,,ATX Full Tower,Black,Tinted Tempered Glass,61.4,2
darkFlash,darkFlash DY470,87.51,11813.85,,ATX Mid Tower,White,Tempered Glass,70.1,2
Thermaltake,Thermaltake TR100,149.99,20248.65,,Mini ITX Desktop,Blue / White,Mesh,20.6,0
Gigabyte,Gigabyte C301 GLASS,99.99,13498.65,,ATX Mid Tower,Black,Tempered Glass,50.6,2
Cooler Master,Cooler Master Cosmos C700M,557.99,75328.65,,ATX Full Tower,Silver / Black,Tempered Glass,,4
Thermaltake,Thermaltake View 380 ARGB,99.99,13498.65,,ATX Mid Tower,Green,Tinted Tempered Glass,51.6,1
Corsair,Corsair 6500X,199.99,26998.65,,ATX Mid Tower,White / Brown,Tempered Glass,78.3,2
In Win,In Win CE685.FH300TB3,115.4,15579.0,,MicroATX Slim,Black,,11.8,1
be quiet!,be quiet! Pure Base 500DX,181.99,24568.65,,ATX Mid Tower,White,Tempered Glass,48.3,2
Montech,Montech Heritage,89.9,12136.5,,MicroATX Mid Tower,Black,Tempered Glass,41.5,1
Fractal,Fractal Design Pop Air,99.99,13498.65,,ATX Mid Tower,Cyan / Black,Tempered Glass,46.2,2
Fractal,Fractal Design Torrent Nano RGB,155.22,20954.7,,Mini ITX Tower,White,Tempered Glass,34.6,1
Cooler Master,Cooler Master MasterCase H500,246.75,33311.25,,ATX Mid Tower,Black,Tinted Tempered Glass,,2
be quiet!,be quiet! Dark Base 701,229.9,31036.5,,ATX Mid Tower,Black,Tempered Glass,73.6,2
Phanteks,Phanteks Enthoo Pro 2 Server Edition,221.98,29967.3,,ATX Full Tower,Black,,78,4
Corsair,Corsair 7000D AIRFLOW,289.99,39148.65,,ATX Full Tower,White / Black,Tempered Glass,81.8,6
HYTE,HYTE Y40,129.99,17548.65,,ATX Mid Tower,Red / Black,Tempered Glass,49.7,1
MSI,MSI MEG PROSPECT 700R,379.99,51298.65,,ATX Mid Tower,Black,Tempered Glass,80.7,2
Thermaltake,Thermaltake The Tower 300 Matcha,105.99,14308.65,,MicroATX Mini Tower,Green,Tempered Glass,53,3
Zalman,Zalman S2,58.98,7962.3,,ATX Mid Tower,Black,Tempered Glass,38.4,2
Fractal,Fractal Design Torrent,204.99,27673.65,,ATX Mid Tower,White,Tempered Glass,69.8,2
Phanteks,Phanteks NV7,201.38,27186.3,,ATX Full Tower,White,Tempered Glass,78.9,2
GameMax,GameMax M60,50.98,6882.3,,MicroATX Mid Tower,Black,Mesh,29.4,2
Cooler Master,Cooler Master MasterBox MB311L ARGB,140.38,18951.3,,MicroATX Mid Tower,Black,Tempered Glass,,2
Fractal,Fractal Design Epoch,109.99,14848.65,,ATX Mid Tower,Black,Tinted Tempered Glass,45.1,2
MSI,MSI MAG PANO 100L PZ,116.99,15793.65,,ATX Mid Tower,Black,Tempered Glass,72.5,2
Montech,Montech KING 95,183.73,24803.55,,ATX Mid Tower,Black,Tempered Glass,63,5
Cougar,Cougar MX330,59.99,8098.65,,ATX Mid Tower,Black,Acrylic,39.4,2
Cooler Master,Cooler Master NCORE 100 AIR,139.99,18898.65,,Mini ITX Tower,Silver / White,Mesh,16.4,0
Mars,Mars Gaming MC-S2,64.02,8642.7,,ATX Mid Tower,Black,Acrylic,19.5,1
Cooler Master,Cooler Master QUBE 500 Flatpack Macaron Edition,99.99,13498.65,,ATX Mid Tower,Multicolor,Tempered Glass,38.9,4
Geometric,Geometric Future Model 5,134.9,18211.5,,ATX Mid Tower,Black / Gray,Tempered Glass,51.1,2
Thermaltake,Thermaltake The Tower 600,189.99,25648.65,,ATX Mid Tower,Green,Tempered Glass,66.2,1
APNX,APNX Creator C1,99.99,13498.65,,ATX Mid Tower,Black,Tempered Glass,53.6,3
Corsair,Corsair 2500X Bamboo,159.99,21598.65,,MicroATX Mini Tower,White / Brown,Tempered Glass,54.8,2
Cougar,Cougar MX330-G,59.99,8098.65,,ATX Mid Tower,Black,Tempered Glass,39.4,2
Lian,Lian Li SUP01,78.73,10628.55,,ATX Mid Tower,White,Tempered Glass,45.7,2
Jonsbo,Jonsbo C6,60.0,8100.0,,MicroATX Mini Tower,White,Mesh,15.9,1
SAMA,SAMA 3509,64.99,8773.65,,ATX Mid Tower,White,Tempered Glass,41.4,2
SSUPD,SSUPD Xhuttle,120.0,16200.0,,ATX Mid Tower,Black,Tempered Glass,50.2,2
be quiet!,be quiet! Light Base 900 FX,259.89,35085.15,,ATX Full Tower,White,Tempered Glass,84.2,1
Fractal,Fractal Design Meshify 3,154.99,20923.65,,ATX Mid Tower,White,Tempered Glass,50.3,2
HYTE,HYTE REVOLT 3,129.99,17548.65,,Mini ITX Tower,White,Mesh,18.4,1
Thermaltake,Thermaltake View 200 TG ARGB,79.98,10797.3,,ATX Mid Tower,Black,Tempered Glass,38.2,2
Antec,Antec C8 ARGB,149.99,20248.65,,ATX Full Tower,White,Tempered Glass,66.9,2
HYTE,HYTE Y60,179.99,24298.65,,ATX Mid Tower,Red / Black,Tempered Glass,60,2
iBuypower,iBuypower Slate 8 Mesh Pro ARGB,134.99,18223.65,,ATX Mid Tower,Black,Tempered Glass,54.2,1
Thermaltake,Thermaltake AX700,404.98,54672.3,,ATX Full Tower,Black,Tempered Glass,141.4,18
NZXT,NZXT H7 Elite (2023),199.0,26865.0,,ATX Mid Tower,Black,Tempered Glass,55.8,2
Jonsbo,Jonsbo N4,119.99,16198.65,,MicroATX Desktop,White / Brown,Mesh,19.6,6
Rosewill,Rosewill FBM-X3,89.99,12148.65,,MicroATX Mid Tower,Black,Mesh,37,2
Thermaltake,Thermaltake S200 TG ARGB,123.73,16703.55,,ATX Mid Tower,Black,Tempered Glass,38.2,2
Corsair,Corsair Crystal Series 680X RGB,269.49,36381.15,,ATX Mid Tower,Black,Tempered Glass,73.5,3
Thermaltake,Thermaltake The Tower 300,89.99,12148.65,,MicroATX Mini Tower,Gray,Tempered Glass,53,3
Cooler Master,Cooler Master MasterBox K501L,161.36,21783.6,,ATX Mid Tower,Black,Tempered Glass,,2
Thermaltake,Thermaltake View 270,69.87,9432.45,,ATX Mid Tower,White,Tempered Glass,47.6,2
Apevia,Apevia PRISM,79.98,10797.3,,MicroATX Mid Tower,Pink,Tempered Glass,35.4,2
Thermaltake,Thermaltake Level 20,1004.98,135672.3,,ATX Full Tower,Black / Silver,Tempered Glass,141,8
GAMDIAS,GAMDIAS NESO P1,124.99,16873.65,,ATX Full Tower,Black / Red,Tempered Glass,75.2,5
Fractal,Fractal Design Define 7 Dark,204.99,27673.65,,ATX Mid Tower,Black,Tinted Tempered Glass,62.4,6
Thermaltake,Thermaltake The Tower 600,189.99,25648.65,,ATX Mid Tower,Purple,Tempered Glass,66.2,1
Thermaltake,Thermaltake The Tower 300 Bubble Pink,169.99,22948.65,,MicroATX Mini Tower,Pink / White,Tempered Glass,53,3
In Win,In Win CJ712,98.0,13230.0,,MicroATX Desktop,Black,,8,1
be quiet!,be quiet! Pure Base 501,109.9,14836.5,,ATX Mid Tower,Black,,48.1,2
Thermaltake,Thermaltake The Tower 250,149.95,20243.25,,Mini ITX Tower,White,Tempered Glass,42.7,1
Montech,Montech SKY TWO GX,79.0,10665.0,,ATX Mid Tower,White,Tempered Glass,49.5,2
Phanteks,Phanteks Enthoo Pro 2 Server Edition,233.98,31587.3,,ATX Full Tower,Black,Tempered Glass,78,4
Vetroo,Vetroo AL900,79.98,10797.3,,ATX Mid Tower,Black,Tempered Glass,48.1,0
BitFenix,BitFenix Nova Mesh SE,69.9,9436.5,,ATX Mid Tower,White,Tempered Glass,36.1,2
Asus,Asus TUF Gaming GT302 ARGB,312.7,42214.5,,ATX Mid Tower,White,Tempered Glass,59.3,2
iBuypower,iBuypower Scale Mesh ARGB,119.99,16198.65,,ATX Mid Tower,Black,Tempered Glass,50.9,1
Silverstone,Silverstone GD11,198.43,26788.05,,HTPC,Black,,30.9,3
Corsair,Corsair 6500D Airflow,150.1,20263.5,,ATX Mid Tower,White,Tempered Glass,78.3,2
be quiet!,be quiet! Pure Base 501 LX,149.9,20236.5,,ATX Mid Tower,Black,Tempered Glass,48.1,2
Montech,Montech HS02 Pro,139.9,18886.5,,ATX Mid Tower,White,Tempered Glass,55.3,2
Gigabyte,Gigabyte C500 PANORAMIC STEALTH,259.57,35041.95,,ATX Mid Tower,White,Tempered Glass,50.6,2
Cooler Master,Cooler Master NR200P V3,139.99,18898.65,,Mini ITX Desktop,Black,Acrylic,20.4,1
Thermaltake,Thermaltake The Tower 600,184.99,24973.65,,ATX Mid Tower,Green / Black,Tempered Glass,66.2,1
Lian,Lian Li LANCOOL 216 RGB w/Controller,132.99,17953.65,,ATX Mid Tower,Black,Tinted Tempered Glass,55.6,2
Azza,Azza Sanctum,349.99,47248.65,,ATX Desktop,Silver / Black,Tempered Glass,76.9,2
Segotep,Segotep T3 Aeolus,71.48,9649.8,,ATX Mid Tower,White,Tempered Glass,54.4,3
GAMDIAS,GAMDIAS TALOS E3 WH,59.99,8098.65,,ATX Mid Tower,White / Black,Tempered Glass,,2
Rosewill,Rosewill FBM-X2-400-HELIX,59.99,8098.65,,MicroATX Mini Tower,Black,,25.3,1
MSI,MSI MAG PANO 100L PZ,129.99,17548.65,,ATX Mid Tower,White,Tempered Glass,72.5,2
be quiet!,be quiet! Light Base 600 DX,152.85,20634.75,,ATX Mid Tower,White,Tempered Glass,59.7,1
MSI,MSI MAG VAMPIRIC 100R,86.2,11637.0,,ATX Mid Tower,Black,Tempered Glass,36.5,2
Razer,Razer Tomahawk Mini-ITX,179.99,24298.65,,Mini ITX Tower,Black / Green,Tinted Tempered Glass,,0
Razer,Razer Tomahawk ATX,219.98,29697.3,,ATX Mid Tower,Black,Tinted Tempered Glass,,3
Silverstone,Silverstone SG05-LITE,75.05,10131.75,,Mini ITX Desktop,Black,,10.7,1
Rosewill,Rosewill Helium Flow,79.98,10797.3,,ATX Mid Tower,Black,,50.5,3
Silverstone,Silverstone SETA D1,169.7,22909.5,,ATX Mid Tower,Black,,56.5,8
Fractal,Fractal Design North XL RC,194.99,26323.65,,ATX Full Tower,White,Tempered Glass,61.4,2
Thermaltake,Thermaltake Core P3 TG Pro,140.71,18995.85,,ATX Mid Tower,,Tempered Glass,71.7,4
Silverstone,Silverstone SUGO 15,181.04,24440.4,,Mini ITX Desktop,Black,,19.1,0
Apevia,Apevia PRISM,79.98,10797.3,,MicroATX Mid Tower,White,Tempered Glass,35.4,2
Cooler Master,Cooler Master Elite 500 ODD,134.13,18107.55,,ATX Mid Tower,Black,,43.1,2
Thermaltake,Thermaltake View 380 ARGB,114.99,15523.65,,ATX Mid Tower,Blue,Tinted Tempered Glass,51.6,1
SAMA,SAMA V40,79.99,10798.65,,ATX Mid Tower,White,Tempered Glass,47.9,3
MSI,MSI MPG GUNGNIR 300R AIRFLOW,155.99,21058.65,,ATX Mid Tower,White,Tempered Glass,60.5,2
Cooler Master,Cooler Master Elite 301,78.59,10609.65,,MicroATX Mid Tower,White,Tempered Glass,34.1,1
Cooler Master,Cooler Master MasterBox 600,100.99,13633.65,,ATX Mid Tower,White,Tempered Glass,52.4,2
Fractal,Fractal Design Meshify 2 Mini,204.0,27540.0,,MicroATX Mid Tower,White / Black,Tempered Glass,33,2
Fractal,Fractal Design Meshify 3 Ambience Pro RGB,239.99,32398.65,,ATX Mid Tower,White,Tempered Glass,50.3,2
GameMax,GameMax F45,60.99,8233.65,,ATX Mid Tower,Black / Brown,Tempered Glass,40.6,2
Antec,Antec Performance 1 M,194.99,26323.65,,Mini ITX Desktop,Black,Mesh,19.3,0
Corsair,Corsair iCUE 5000X RGB,214.99,29023.65,,ATX Mid Tower,White / Gray,Tempered Glass,66.2,2
MSI,MSI MPG Sekira 500G,1050.0,141750.0,,ATX Mid Tower,Black,Tempered Glass,67.1,6
HYTE,HYTE Persona 3 Reload Y70,259.99,35098.65,,ATX Mid Tower,Black / Multicolor,Tempered Glass,70.7,2
Fractal,Fractal Design Meshify 3,159.99,21598.65,,ATX Mid Tower,Black,Tinted Tempered Glass,50.3,2
SSUPD,SSUPD Xhuttle,120.0,16200.0,,ATX Mid Tower,White,Tempered Glass,50.2,2
be quiet!,be quiet! Dark Base Pro 901,299.89,40485.15,,ATX Full Tower,White,Tempered Glass,94.5,2
Thermaltake,Thermaltake Ceres 330 ARGB,68.99,9313.65,,ATX Mid Tower,Black,Tempered Glass,53.9,1
Lian,Lian Li LANCOOL 205 Mesh C,117.99,15928.65,,ATX Mid Tower,White,Tempered Glass,41.3,2
be quiet!,be quiet! Pure Base 600,119.9,16186.5,,ATX Mid Tower,Black,Tempered Glass,50.9,3
Montech,Montech KING 95 PRO,169.0,22815.0,,ATX Mid Tower,Blue / Black,Tempered Glass,63,5
Cooler Master,Cooler Master HAF 700,299.99,40498.65,,ATX Full Tower,Black,Tempered Glass,83.6,9
MSI,MSI MPG VELOX 100P AIRFLOW,292.33,39464.55,,ATX Mid Tower,Black,Tempered Glass,53.7,2
Thermaltake,Thermaltake The Tower 600,189.99,25648.65,,ATX Mid Tower,Yellow,Tempered Glass,66.2,1
Asus,Asus TUF Gaming GT501,169.99,22948.65,,ATX Mid Tower,White / Black,Tempered Glass,75.5,4
Cooler Master,Cooler Master HAF 500,98.08,13240.8,,ATX Mid Tower,White,Tempered Glass,,2
be quiet!,be quiet! Light Base 900 DX,214.9,29011.5,,ATX Full Tower,White,Tempered Glass,84.2,1
Azza,Azza Spectra,59.99,8098.65,,ATX Mid Tower,Black,Tempered Glass,33.4,2
Vetroo,Vetroo AL900,79.98,10797.3,,ATX Mid Tower,White,Tempered Glass,48.1,0
Silverstone,Silverstone FARA 515XR,79.59,10744.65,,ATX Mid Tower,White,Tempered Glass,39.9,2
RAIJINTEK,RAIJINTEK OPHION EVO,69.9,9436.5,,Mini ITX Desktop,Black,Acrylic,,1
Corsair,Corsair iCUE 5000T RGB,239.99,32398.65,,ATX Mid Tower,Black,Tempered Glass,74.5,2
Thermaltake,Thermaltake The Tower 300,134.99,18223.65,,MicroATX Mini Tower,Green / Black,Tempered Glass,53,3
Aerocool,Aerocool Bolt,82.79,11176.65,,ATX Mid Tower,Black,Acrylic,35.3,2
Jonsbo,Jonsbo TK-2 2.0,162.0,21870.0,,ATX Mid Tower,Black,Tempered Glass,53.2,1
Thermaltake,Thermaltake View 380 XL TG ARGB,79.0,10665.0,,ATX Mid Tower,Yellow / Black,Tempered Glass,63.6,1
APNX,APNX Creator C1,99.99,13498.65,,ATX Mid Tower,White,Tempered Glass,53.6,3
Thermaltake,Thermaltake The Tower 600,169.99,22948.65,,ATX Mid Tower,Blue,Tempered Glass,66.2,1
Cooler Master,Cooler Master MasterBox MB320L ARGB,84.99,11473.65,,MicroATX Mini Tower,Black,Tempered Glass,38.8,2
Antec,Antec DF600 FLUX,104.99,14173.65,,ATX Mid Tower,Black,Tempered Glass,,3
Thermaltake,Thermaltake The Tower 300 Hydrangea,153.99,20788.65,,MicroATX Mini Tower,Blue,Tempered Glass,53,3
GAMDIAS,GAMDIAS ATLAS M1,84.99,11473.65,,ATX Mid Tower,White,Tempered Glass,41,1
Silverstone,Silverstone PS16B,75.15,10145.25,,MicroATX Mini Tower,Black,,,3
Cooler Master,Cooler Master TD300 Mesh,84.99,11473.65,,MicroATX Mini Tower,White / Black,Tempered Glass,,2
Cooler Master,Cooler Master MasterCase H500M,462.49,62436.15,,ATX Mid Tower,Black,Tempered Glass,73.7,2
Antec,Antec DF700 FLUX,148.98,20112.3,,ATX Mid Tower,Black,Tempered Glass,49.9,3
Antec,Antec C7 ARGB,173.49,23421.15,,ATX Mid Tower,Black,Tempered Glass,58.9,2
Montech,Montech Heritage PRO,109.9,14836.5,,MicroATX Mid Tower,White,Tempered Glass,41.5,1
Corsair,Corsair 2500X Obsidian,159.99,21598.65,,MicroATX Mini Tower,Black,Tempered Glass,54.8,2
Cougar,Cougar MX330-G Pro,68.09,9192.15,,ATX Mid Tower,Black,Tempered Glass,49.1,2
Apevia,Apevia Destiny Flow,75.98,10257.3,,ATX Mid Tower,Pink,Tempered Glass,,2
Asus,Asus ProArt PA602 Wood Edition,500.94,67626.9,,ATX Mid Tower,Black / Brown,,81.4,4
MSI,MSI MPG VELOX 100R,139.99,18898.65,,ATX Mid Tower,White,Tempered Glass,53.7,2
Montech,Montech HS01 PRO,114.9,15511.5,,ATX Mid Tower,Black,Tempered Glass,55.3,2
PC,PC Cooler I100 PRO MESH,101.69,13728.15,,Mini ITX Desktop,White,Mesh,7.5,1
Silverstone,Silverstone MILO 11,92.77,12523.95,,MicroATX Desktop,Black / Silver,,10.3,1
Silverstone,Silverstone SG13 V2,74.13,10007.55,,Mini ITX Tower,Black,,11.5,1
Zalman,Zalman Z7 NEO,69.98,9447.3,,ATX Mid Tower,Black,Tempered Glass,41.2,2
iBuypower,iBuypower Slate 9 Mesh,124.99,16873.65,,ATX Mid Tower,Black,Tempered Glass,53.4,1
ENDORFY,ENDORFY Ventum 200,93.74,12654.9,,ATX Mid Tower,Black,,34.6,1
Phanteks,Phanteks XT PRO,119.98,16197.3,,ATX Mid Tower,,,51.8,2
Silverstone,Silverstone RM52,533.01,71956.35,,ATX Full Tower,Black,,58.6,2
be quiet!,be quiet! Pure Base 500,92.9,12541.5,,ATX Mid Tower,White,Tempered Glass,46,2
GAMDIAS,GAMDIAS ATHENA M3,82.43,11128.05,,ATX Mid Tower,White,Tempered Glass,45.1,2
Fractal,Fractal Design Torrent RGB,229.99,31048.65,,ATX Mid Tower,White,Tempered Glass,69.8,2
Thermaltake,Thermaltake View 170 ARGB,84.98,11472.3,,MicroATX Mini Tower,Pink / Blue,Tempered Glass,35,1
Vetroo,Vetroo AL800,59.99,8098.65,,ATX Mid Tower,Green,Tempered Glass,46.4,2
Corsair,Corsair 3500X CALL OF DUTY BLACK OPS 6 EDITION,99.99,13498.65,,ATX Mid Tower,Black / Orange,Tempered Glass,55.9,2
Fractal,Fractal Design Meshify 3 XL RGB,189.99,25648.65,,ATX Full Tower,Black,Tinted Tempered Glass,72.6,2
Apevia,Apevia Prism Elite,109.99,14848.65,,ATX Mid Tower,Pink,Tempered Glass,47.9,2
be quiet!,be quiet! Pure Base 501 DX,129.9,17536.5,,ATX Mid Tower,Black,Tempered Glass,48.1,2
Cougar,Cougar Duoface Pro RGB,125.91,16997.85,,ATX Mid Tower,Black,Tempered Glass,55.4,2
Silverstone,Silverstone FARA 515XR,69.98,9447.3,,ATX Mid Tower,Black,Tempered Glass,39.9,2
Silverstone,Silverstone Sugo 16,95.5,12892.5,,Mini ITX Tower,Black,,13,1
Montech,Montech KING 95 PRO,169.0,22815.0,,ATX Mid Tower,Red / Black,Tempered Glass,63,5
Thermaltake,Thermaltake View 71 TG RGB,219.99,29698.65,,ATX Full Tower,Black,Acrylic,,4
HYTE,HYTE Gundam Wing Y70 Touch Infinite,499.99,67498.65,,ATX Mid Tower,White / Gold,Tempered Glass,70.7,2
Fractal,Fractal Design Epoch,109.99,14848.65,,ATX Mid Tower,White,Tempered Glass,45.1,2
Jonsbo,Jonsbo BO400,315.0,42525.0,,ATX Mid Tower,Gray / Black,Tempered Glass,72.1,4
Jonsbo,Jonsbo N10,61.99,8368.65,,Mini ITX Tower,Silver,Mesh,4.5,0
Silverstone,Silverstone CS382,259.61,35047.35,,ATX Mid Tower,Black,,39.6,1
MSI,MSI MPG GUNGNIR 110R,119.99,16198.65,,ATX Mid Tower,White,Tempered Glass,,2
Thermaltake,Thermaltake View 380 ARGB,114.99,15523.65,,ATX Mid Tower,Pink / Blue,Tempered Glass,51.6,1
ENDORFY,ENDORFY ARX 500 ARGB,114.0,15390.0,,ATX Mid Tower,Black,Tempered Glass,47.5,1
iBuypower,iBuypower Element 9 PRO,134.99,18223.65,,ATX Mid Tower,Black,Tempered Glass,49.2,2
Fractal,Fractal Design Meshify 3 XL Ambience Pro RGB,274.99,37123.65,,ATX Full Tower,White,Tempered Glass,72.6,2
Silverstone,Silverstone RM42-502,425.16,57396.6,,ATX Mid Tower,Black,,35.4,0
Thermaltake,Thermaltake S200 TG ARGB,136.84,18473.4,,ATX Mid Tower,White,Tempered Glass,38.2,2
Corsair,Corsair Crystal Series 680X RGB,164.99,22273.65,,ATX Mid Tower,White / Black,Tempered Glass,73.5,3
Thermaltake,Thermaltake The Tower 600,186.99,25243.65,,ATX Mid Tower,Pink,Tempered Glass,66.2,1
Silverstone,Silverstone SETA H2,184.17,24862.95,,ATX Full Tower,Black,Mesh,70.3,12
DIYPC,DIYPC Rainbow-Flash-F4,65.98,8907.3,,ATX Mid Tower,Pink,Tempered Glass,33.2,2
Geometric,Geometric Future Model 5,149.9,20236.5,,ATX Mid Tower,Black / Green,Tempered Glass,51.1,2
Thermaltake,Thermaltake Core P3,151.77,20488.95,,ATX Mid Tower,Black,Tempered Glass,80.1,2
NZXT,NZXT H7 Flow RGB (2023),168.99,22813.65,,ATX Mid Tower,Black,Tempered Glass,55.8,2
Vetroo,Vetroo M05,64.98,8772.3,,MicroATX Mid Tower,Green,Tempered Glass,36.3,2
Silverstone,Silverstone Crown 04,549.99,74248.65,,HTPC,Black,Mesh,48.2,2
be quiet!,be quiet! Pure Base 501 Airflow,94.99,12823.65,,ATX Mid Tower,White,,48.1,2
Silverstone,Silverstone PS15,59.99,8098.65,,MicroATX Mid Tower,Black,Tempered Glass,25.7,1
GAMDIAS,GAMDIAS Talos M3 Mesh,84.99,11473.65,,ATX Mid Tower,Black,Tempered Glass,48.6,2
Corsair,Corsair iCUE 5000X RGB QL Edition,209.99,28348.65,,ATX Mid Tower,White,Tempered Glass,66.2,2
Silverstone,Silverstone GD08B,246.29,33249.15,,HTPC,Black,,33.4,8
Fractal,Fractal Design Epoch RGB,129.99,17548.65,,ATX Mid Tower,Black,Tinted Tempered Glass,45.1,2
Asus,Asus TUF Gaming GT502 Horizon,194.91,26312.85,,ATX Mid Tower,White,Tempered Glass,57.2,4
Cooler Master,Cooler Master Silencio S600,143.57,19381.95,,ATX Mid Tower,Black,,47,4
Thermaltake,Thermaltake The Tower 200,104.98,14172.3,,Mini ITX Tower,Green,Tempered Glass,45.1,2
Thermaltake,Thermaltake Divider 370 TG ARGB,150.99,20383.65,,ATX Mid Tower,Black,Tempered Glass,50.7,2
Thermaltake,Thermaltake View 71 TG Snow,224.98,30372.3,,ATX Full Tower,White,Acrylic,,4
Thermaltake,Thermaltake CTE E550,169.95,22943.25,,ATX Mid Tower,Orange,Tempered Glass,77.4,3
Montech,Montech SKY TWO,135.97,18355.95,,ATX Mid Tower,Blue,Tempered Glass,45.3,2
BGears,BGears b-Voguish,58.99,7963.65,,ATX Mid Tower,Black,Tempered Glass,,2
Cooler Master,Cooler Master MasterFrame 600,179.99,24298.65,,ATX Mid Tower,Black,Tempered Glass,61.2,2
GameMax,GameMax Vista A,79.99,10798.65,,ATX Mid Tower,Black,Tempered Glass,44.1,2
GAMDIAS,GAMDIAS Talos M3 Mesh,99.06,13373.1,,ATX Mid Tower,White,Tempered Glass,48.6,2
be quiet!,be quiet! Silent Base 802,192.48,25984.8,,ATX Mid Tower,White,Tempered Glass,83.8,3
ENDORFY,ENDORFY ARX 500 Air,103.5,13972.5,,ATX Mid Tower,Black,Tempered Glass,47.5,1
Corsair,Corsair Crystal 280X RGB,239.99,32398.65,,MicroATX Mid Tower,White,Tempered Glass,,2
Thermaltake,Thermaltake CTE C750 ARGB,184.98,24972.3,,ATX Full Tower,Black,Tempered Glass,110.7,7
Thermaltake,Thermaltake AX700,399.99,53998.65,,ATX Full Tower,White,Tempered Glass,141.4,18
Apex,Apex MI-008,68.39,9232.65,,Mini ITX Tower,Black,,8.5,1
NZXT,NZXT H7 Flow RGB (2023),159.99,21598.65,,ATX Mid Tower,White,Tempered Glass,55.8,2
Thermaltake,Thermaltake View 380 XL TG ARGB,84.99,11473.65,,ATX Mid Tower,Red / Copper,Tempered Glass,63.6,1
Silverstone,Silverstone SG13,75.81,10234.35,,Mini ITX Tower,White / Black,,11.5,1
GAMDIAS,GAMDIAS NESO P1,150.99,20383.65,,ATX Full Tower,Black / White,Tempered Glass,75.2,5
Lian,Lian Li V3000 PLUS White GGF Edition,494.99,66823.65,,ATX Full Tower,White,Tempered Glass,127.6,8
Apevia,Apevia Genesis-BK,74.98,10122.3,,ATX Mid Tower,Black,Tempered Glass,,3
Thermaltake,Thermaltake Core P3 TG Pro Snow,129.99,17548.65,,ATX Mid Tower,,Tempered Glass,71.7,4
Antec,Antec CX700 RGB ELITE,96.61,13042.35,,ATX Mid Tower,White,Tempered Glass,44.5,2
Montech,Montech HS02,95.9,12946.5,,ATX Mid Tower,Black,Tempered Glass,55.3,2
Thermaltake,Thermaltake The Tower 300 Bumblebee,104.99,14173.65,,MicroATX Mini Tower,Yellow / Black,Tempered Glass,53,3
Anidees,Anidees AI CRYSTAL XL PRO LITE,309.89,41835.15,,ATX Full Tower,Black,Tempered Glass,,0
Corsair,Corsair iCUE 4000D RGB Airflow QL Edition,149.99,20248.65,,ATX Mid Tower,White,Tempered Glass,48.6,2
darkFlash,darkFlash L280,143.22,19334.7,,ATX Mid Tower,White,Tempered Glass,54.6,2
HYTE,HYTE Y70 Silver Wolf,299.99,40498.65,,ATX Mid Tower,Black / Purple,Tempered Glass,70.7,2
PC,PC Cooler C3 T500 ARGB,119.99,16198.65,,ATX Mid Tower,White,Tempered Glass,45.1,2
Thermaltake,Thermaltake S300 Tempered Glass Snow Edition,83.99,11338.65,,ATX Mid Tower,White,Tempered Glass,,2
Linkworld,Linkworld 920-01C2121U,49.5,6682.5,,HTPC,Black,,5.3,0
Silverstone,Silverstone CS351,189.99,25648.65,,MicroATX Desktop,Black,,22.8,2
Thermaltake,Thermaltake The Tower 200,104.98,14172.3,,Mini ITX Tower,Beige,Tempered Glass,45.1,2
Thermaltake,Thermaltake Ceres 300 TG ARGB,119.98,16197.3,,ATX Mid Tower,Green,Tempered Glass,53.9,1
Antec,Antec VSK 3000 Elite,113.43,15313.05,,MicroATX Mini Tower,Black,,27.5,4
be quiet!,be quiet! Pure Base 500,99.9,13486.5,,ATX Mid Tower,White,,46,2
Corsair,Corsair iCUE 5000T LX RGB,339.99,45898.65,,ATX Mid Tower,White,Tempered Glass,74.5,2
Thermaltake,Thermaltake V250 TG ARGB,134.96,18219.6,,ATX Mid Tower,Black,Tempered Glass,,2
ADATA,ADATA XPG INVADER X,169.0,22815.0,,ATX Mid Tower,Black,Tempered Glass,52.1,3
Antec,Antec P20C,79.99,10798.65,,ATX Mid Tower,Black,Tempered Glass,50.6,2
Fractal,Fractal Design Pop XL Silent,536.73,72458.55,,ATX Full Tower,Black,Tempered Glass,62.4,3
Thermaltake,Thermaltake The Tower 300,169.99,22948.65,,MicroATX Mini Tower,Brown / Gold,Tempered Glass,53,3
Lian,Lian Li LANCOOL 206,169.99,22948.65,,ATX Mid Tower,White,Tempered Glass,49.6,3
Thermaltake,Thermaltake The Tower 250,149.99,20248.65,,Mini ITX Tower,Green / Black,Tempered Glass,42.7,1
Thermaltake,Thermaltake CTE C700 Air,134.98,18222.3,,ATX Mid Tower,Black,Tempered Glass,93.8,7
ENDORFY,ENDORFY Signum 300 Air,130.61,17632.35,,ATX Mid Tower,Black,Tempered Glass,39.9,2
Fractal,Fractal Design Pop Air,154.62,20873.7,,ATX Mid Tower,White,Tempered Glass,46.2,2
Chieftec,Chieftec Hunter,111.29,15024.15,,ATX Mid Tower,Black,Tempered Glass,39.8,2
Silverstone,Silverstone ML06B,92.54,12492.9,,HTPC,Black,,7.1,0
Corsair,Corsair 4000D Airflow Teak,117.5,15862.5,,ATX Mid Tower,Black / Brown,Tempered Glass,48.6,2
Silverstone,Silverstone ML03B,101.41,13690.35,,HTPC,Black,,15.5,2
Silverstone,Silverstone ML07B,118.72,16027.2,,HTPC,Black,,13.9,1
MSI,MSI MPG GUNGNIR 300P AIRFLOW,361.98,48867.3,,ATX Mid Tower,Black,Tempered Glass,60.5,2
Thermaltake,Thermaltake The Tower 250,149.95,20243.25,,Mini ITX Tower,Blue / White,Tempered Glass,42.7,1
iBuypower,iBuypower Element 9,114.99,15523.65,,ATX Mid Tower,Black,Tempered Glass,49.2,2
Antec,Antec C7 ARGB,181.99,24568.65,,ATX Mid Tower,White,Tempered Glass,58.9,2
Thermaltake,Thermaltake Level 20 RS ARGB,89.98,12147.3,,ATX Mid Tower,Black,Tempered Glass,,3
Jonsbo,Jonsbo TK-2 2.0,162.0,21870.0,,ATX Mid Tower,White,Tempered Glass,53.2,1
Fractal,Fractal Design Meshify 2 Compact Lite RGB,321.05,43341.75,,ATX Mid Tower,Black,Tinted Tempered Glass,42.3,2
GAMDIAS,GAMDIAS ARGUS E4 ELITE,61.47,8298.45,,ATX Mid Tower,Black,Tempered Glass,,2
Rosewill,Rosewill Helium Flow,79.98,10797.3,,ATX Mid Tower,White,,50.5,3
Vetroo,Vetroo AL800,64.98,8772.3,,ATX Mid Tower,Black,Tempered Glass,46.4,2
Asus,Asus ProArt PA401 Wood Edition,273.96,36984.6,,ATX Mid Tower,Black,,46.6,2
Lian,Lian Li LANCOOL 205 Mesh,195.0,26325.0,,ATX Mid Tower,Black,Tempered Glass,41.3,2
Apex,Apex DM-387,87.99,11878.65,,HTPC,Black,,12.8,1
Montech,Montech HS01,89.9,12136.5,,ATX Mid Tower,Black,Tempered Glass,55.3,2
GAMDIAS,GAMDIAS ATLAS E1,84.84,11453.4,,ATX Mid Tower,White,Tempered Glass,36.3,1
Phanteks,Phanteks Eclipse P600S,158.98,21462.3,,ATX Mid Tower,White,Tempered Glass,,4
Chieftec,Chieftec APEX,178.78,24135.3,,ATX Mid Tower,Black,Tempered Glass,52.9,2
Silverstone,Silverstone FARA 313 Type-C,78.59,10609.65,,MicroATX Mid Tower,Black,,26.7,3
Geometric,Geometric Future Model 5,149.9,20236.5,,ATX Mid Tower,White,Tempered Glass,51.1,2
Asiahorse,Asiahorse Perseus,179.99,24298.65,,ATX Mid Tower,Black,Tempered Glass,73.9,2
HYTE,HYTE Persona 3 Reload Y60,229.99,31048.65,,ATX Mid Tower,Black / Blue,Tempered Glass,60,2
Silverstone,Silverstone FARA H1M,79.95,10793.25,,MicroATX Mini Tower,Black,,30.1,2
Geometric,Geometric Future Model 5 Fanless,109.9,14836.5,,ATX Mid Tower,Black / Gray,Tempered Glass,51.1,2
Thermaltake,Thermaltake Ceres 300 TG ARGB,99.99,13498.65,,ATX Mid Tower,White,Tempered Glass,53.9,1
Thermaltake,Thermaltake AX700,404.98,54672.3,,ATX Full Tower,White,Mesh,141.4,18
Thermaltake,Thermaltake The Tower 200 Bumblebee,104.98,14172.3,,Mini ITX Tower,Yellow / Black,Tempered Glass,45.1,2
Antec,Antec CX600M Trio ARGB,111.84,15098.4,,MicroATX Mini Tower,Black,Tempered Glass,46.8,1
Cooler Master,Cooler Master MasterCase H500 ARGB,246.75,33311.25,,ATX Mid Tower,Black,Tempered Glass,,2
Montech,Montech Heritage,89.9,12136.5,,MicroATX Mid Tower,White,Tempered Glass,41.5,1
Antec,Antec CX600M Trio ARGB,185.73,25073.55,,MicroATX Mini Tower,White,Tempered Glass,46.8,1
Azza,Azza Aero,109.99,14848.65,,ATX Mid Tower,Black,Mesh,47.3,2
ADATA,ADATA XPG INVADER,84.93,11465.55,,ATX Mid Tower,Black,Tempered Glass,,2
Thermaltake,Thermaltake The Tower 600,185.99,25108.65,,ATX Mid Tower,Red,Tempered Glass,66.2,1
Antec,Antec P20CE,172.61,23302.35,,ATX Mid Tower,Black,,50.6,2
Thermaltake,Thermaltake View 200 TG ARGB,84.98,11472.3,,ATX Mid Tower,White,Tempered Glass,38.2,2
PC,PC Cooler C3 T500 ARGB,168.56,22755.6,,ATX Mid Tower,Black,Tempered Glass,45.1,2
Silverstone,Silverstone FARA 513 Type-C,98.31,13271.85,,ATX Mid Tower,Black,,44.6,2
Silverstone,Silverstone SG13 V2,75.3,10165.5,,Mini ITX Tower,Pink,,11.5,1
Antec,Antec Performance 1 M,214.99,29023.65,,Mini ITX Desktop,Green / Black,Mesh,19.3,0
Thermaltake,Thermaltake CTE T500 Air,134.98,18222.3,,ATX Full Tower,White,Tempered Glass,87.3,4
Silverstone,Silverstone SUGO 17,212.48,28684.8,,MicroATX Desktop,Black,Mesh,26.1,1
Thermaltake,Thermaltake View 51 Snow ARGB Edition,214.6,28971.0,,ATX Full Tower,White,Tempered Glass,91,2
In Win,In Win BL040.300TB3LF,102.58,13848.3,,HTPC,Black,,11.6,2
Thermaltake,Thermaltake The Tower 100,128.99,17413.65,,Mini ITX Tower,Turquoise / Black,Tempered Glass,32.7,2
iBuypower,iBuypower Snowblind S,199.99,26998.65,,ATX Mid Tower,White,Tempered Glass,43,2
G.Skill,G.Skill LT1,69.98,9447.3,,MicroATX Mini Tower,Black,Tempered Glass,35,1
Silverstone,Silverstone RVZ03,141.04,19040.4,,Mini ITX Desktop,Black,,,0
Corsair,Corsair 5000T,244.99,33073.65,,ATX Mid Tower,Black,Tempered Glass,74.5,2
Thermaltake,Thermaltake The Tower 300,169.99,22948.65,,MicroATX Mini Tower,Turquoise / Black,Tempered Glass,53,3
MagniumGear,MagniumGear NEO QUBE 2 Infinity Mirror,106.98,14442.3,,ATX Mid Tower,White,Tempered Glass,55.9,2
TRYX,TRYX LUCA L70,249.99,33748.65,,ATX Mid Tower,Black,Tempered Glass,80.9,0
Geometric,Geometric Future Model 5,134.9,18211.5,,ATX Mid Tower,Black / Yellow,Tempered Glass,51.1,2
ENDORFY,ENDORFY Regnum 400 Air,151.28,20422.8,,ATX Mid Tower,Black,Tempered Glass,45.9,2
Jonsbo,Jonsbo MOD-3,325.31,43916.85,,ATX Mid Tower,Black,Tempered Glass,93.1,1
In Win,In Win BK623.BH300TB3,108.05,14586.75,,MicroATX Mini Tower,Black / Silver,,12.3,1
BGears,BGears b-Optillusion,59.99,8098.65,,ATX Mid Tower,Black,Tempered Glass,38.7,1
Thermaltake,Thermaltake Ceres 350 MX,129.71,17510.85,,ATX Mid Tower,Pink,Tempered Glass,52.5,1
Thermaltake,Thermaltake CTE T500,110.49,14916.15,,ATX Full Tower,White,Tempered Glass,87.3,4
Silverstone,Silverstone FARA 514X,108.69,14673.15,,ATX Mid Tower,Black,Tempered Glass,49.7,2
Thermaltake,Thermaltake The Tower 250,154.98,20922.3,,Mini ITX Tower,Blue / Pink,Tempered Glass,42.7,1
Thermaltake,Thermaltake Ceres 330 ARGB,64.99,8773.65,,ATX Mid Tower,White,Tempered Glass,53.9,1
Silverstone,Silverstone Sugo SG11,131.62,17768.7,,MicroATX Mini Tower,Black,,,3
Silverstone,Silverstone Milo 12,198.47,26793.45,,HTPC,Black,Mesh,15.6,0
PrimoChill,PrimoChill Praxis WetBench,234.99,31723.65,,ATX Test Bench,Black,,,4
GAMDIAS,GAMDIAS ATLAS E1,84.84,11453.4,,ATX Mid Tower,Black,Tempered Glass,36.3,1
Thermaltake,Thermaltake CTE C700 TG ARGB,154.93,20915.55,,ATX Mid Tower,Black,Tempered Glass,93.8,7
Cooler Master,Cooler Master MasterBox MB600L V2,186.0,25110.0,,ATX Mid Tower,Black,,37.7,2
Corsair,Corsair Crystal 280X RGB,239.99,32398.65,,MicroATX Mid Tower,Black,Tempered Glass,,2
FSP,FSP Group CUT593P,109.99,14848.65,,ATX Full Tower,White,Tempered Glass,62.6,3
Asiahorse,Asiahorse Perseus,179.99,24298.65,,ATX Mid Tower,White,Tempered Glass,73.9,2
Thermaltake,Thermaltake The Tower 300,153.99,20788.65,,MicroATX Mini Tower,Green / Pink,Tempered Glass,53,3
In Win,In Win 101,119.2,16092.0,,ATX Mid Tower,Black,Tempered Glass,48.3,2
ADATA,ADATA XPG INVADER X,169.0,22815.0,,ATX Mid Tower,White,Tempered Glass,52.1,3
Apevia,Apevia Prodigy,74.98,10122.3,,MicroATX Mini Tower,Black,Tempered Glass,32.5,2
Thermaltake,Thermaltake The Tower 600,189.99,25648.65,,ATX Mid Tower,Green / White,Tempered Glass,66.2,1
Azza,Azza Spectra,64.98,8772.3,,ATX Mid Tower,White,Tempered Glass,33.4,2
Fractal,Fractal Design Meshify 3 XL RGB,209.99,28348.65,,ATX Full Tower,White,Tempered Glass,72.6,2
Raidmax,Raidmax X921 MESHIAN,69.98,9447.3,,ATX Mid Tower,Black,Tempered Glass,36.8,2
Thermaltake,Thermaltake CTE E600,154.98,20922.3,,ATX Mid Tower,Black,Tempered Glass,77.4,2
Azza,Azza Celesta 340F,67.98,9177.3,,ATX Mid Tower,Black,Tempered Glass,40.2,2
Fractal,Fractal Design Meshify 3,159.99,21598.65,,ATX Mid Tower,White,Tempered Glass,50.3,2
be quiet!,be quiet! Shadow Base 800 FX,239.89,32385.15,,ATX Mid Tower,White,Tempered Glass,70.9,2
Antec,Antec P10C,113.64,15341.4,,ATX Mid Tower,Black,,51,3
Zalman,Zalman Z10 DUO,99.99,13498.65,,ATX Mid Tower,Black,Tempered Glass,51.6,2
Silverstone,Silverstone ML05B,74.99,10123.65,,HTPC,Black,,,0
GAMDIAS,GAMDIAS NESO P1,165.99,22408.65,,ATX Full Tower,White,Tempered Glass,75.2,5
SHARKOON,SHARKOON Rebel C50,459.39,62017.65,,ATX Mid Tower,White,Mesh,52.4,3
Apevia,Apevia Genesis Pro,79.98,10797.3,,ATX Mid Tower,White,Tempered Glass,35.7,3
Fractal,Fractal Design Meshify 2 Compact RGB,273.63,36940.05,,ATX Mid Tower,Black,Tinted Tempered Glass,42.3,2
Thermaltake,Thermaltake The Tower 200,104.98,14172.3,,Mini ITX Tower,Turquoise,Tempered Glass,45.1,2
darkFlash,darkFlash L280,125.99,17008.65,,ATX Mid Tower,Black,Tempered Glass,54.6,2
Montech,Montech HS02,95.9,12946.5,,ATX Mid Tower,White,Tempered Glass,55.3,2
Streacom,Streacom DA2 V2,259.0,34965.0,,Mini ITX Desktop,Black,,17.5,0
Silverstone,Silverstone SUGO 15,160.08,21610.8,,Mini ITX Desktop,Silver,,19.1,0
Vetroo,Vetroo AL800,64.98,8772.3,,ATX Mid Tower,White,Tempered Glass,46.4,2
Silverstone,Silverstone ML04B,116.1,15673.5,,HTPC,Black,,16,2
Corsair,Corsair iCUE 5000T RGB,239.99,32398.65,,ATX Mid Tower,White / Gray,Tempered Glass,74.5,2
Cooler Master,Cooler Master MasterFrame 700,191.99,25918.65,,ATX Full Tower,Black,Tempered Glass,,4
Corsair,Corsair 2500X Satin,159.99,21598.65,,MicroATX Mini Tower,White / Gray,Tempered Glass,54.8,2
Vetroo,Vetroo M05,64.98,8772.3,,MicroATX Mid Tower,White,Tempered Glass,36.3,2
Thermaltake,Thermaltake CTE E550,166.99,22543.65,,ATX Mid Tower,Black,Tempered Glass,77.4,3
Silverstone,Silverstone ML09,110.43,14908.05,,HTPC,Black,,,0
HYTE,HYTE Y60 Ouro Kronii,280.0,37800.0,,ATX Mid Tower,White / Gold,Tempered Glass,60,2
Thermaltake,Thermaltake CTE E550,169.95,22943.25,,ATX Mid Tower,Green / Black,Tempered Glass,77.4,3
Chieftec,Chieftec CI-01B-OP,184.88,24958.8,,MicroATX Desktop,Black,,33.6,2
In Win,In Win A3,69.56,9390.6,,MicroATX Mini Tower,Black,Tempered Glass,29.9,2
SHARKOON,SHARKOON QB ONE,159.76,21567.6,,Mini ITX Desktop,Black,Mesh,14.9,2
Antec,Antec Performance 1 FT,305.87,41292.45,,ATX Full Tower,White,Tempered Glass,62.7,2
Thermaltake,Thermaltake Core P6,187.9,25366.5,,ATX Mid Tower,White / Black,Tempered Glass,76.4,4
Fractal,Fractal Design Meshify 2 Lite,466.15,62930.25,,ATX Mid Tower,White / Black,Tempered Glass,61.7,2
Fractal,Fractal Design Epoch RGB,129.99,17548.65,,ATX Mid Tower,White,Tempered Glass,45.1,2
Corsair,Corsair 6500X,199.99,26998.65,,ATX Mid Tower,White / Gray,Tempered Glass,78.3,2
Silverstone,Silverstone SETA A2,199.99,26998.65,,ATX Mid Tower,Black,Tempered Glass,68.7,11
HYTE,HYTE Watson Amelia Y40,279.99,37798.65,,ATX Mid Tower,Gold / Black,Tempered Glass,49.7,1
NZXT,NZXT H7 Elite (2022),199.99,26998.65,,ATX Mid Tower,,Tempered Glass,55.8,2
Streacom,Streacom DA6,139.0,18765.0,,Mini ITX Test Bench,Silver,,19.9,4
Montech,Montech HS01,89.9,12136.5,,ATX Mid Tower,White,Tempered Glass,55.3,2
Azza,Azza Pyramid Mesh,419.99,56698.65,,ATX Mid Tower,Silver / Black,Mesh,140.5,1
HYTE,HYTE Mori Calliope Y40,349.99,47248.65,,ATX Mid Tower,Black / Red,Tempered Glass,49.7,1
Azza,Azza Legionaire 470,109.99,14848.65,,ATX Mid Tower,Black,Mesh,46.8,2
In Win,In Win A5,105.0,14175.0,,ATX Mid Tower,Black,Tempered Glass,34.9,2
ADATA,ADATA XPG Battlecruiser II,179.99,24298.65,,ATX Mid Tower,Black,Tempered Glass,62.6,5
Silverstone,Silverstone ML08,136.22,18389.7,,HTPC,Black,Acrylic,,0
be quiet!,be quiet! Silent Base 601,184.35,24887.25,,ATX Mid Tower,Black / Silver,Tempered Glass,,3
be quiet!,be quiet! Pure Base 501 Airflow,114.9,15511.5,,ATX Mid Tower,White,Tempered Glass,48.1,2
GAMDIAS,GAMDIAS MARS E2,79.99,10798.65,,MicroATX Mid Tower,Black,Tempered Glass,,2
Thermaltake,Thermaltake Ceres 350 MX,144.98,19572.3,,ATX Mid Tower,Green / Black,Tempered Glass,52.5,1
Antec,Antec ISK 110 VESA U3,537.2,72522.0,,Mini ITX Desktop,Black,,4.1,0
Cooler Master,Cooler Master Silencio S400,356.98,48192.3,,MicroATX Mini Tower,Black,Tempered Glass,,4
Aerocool,Aerocool Cipher,186.0,25110.0,,ATX Mid Tower,Black,,48.2,12
Mars,Mars Gaming MC-CORE,103.8,14013.0,,MicroATX Mid Tower,Black,Tempered Glass,14.6,3
Azza,Azza Elise,69.98,9447.3,,MicroATX Mid Tower,Black / Pink,Tempered Glass,34.4,2
Thermaltake,Thermaltake CTE T500,154.98,20922.3,,ATX Full Tower,Black,Tempered Glass,87.3,4
Silverstone,Silverstone TJ08B-E,155.97,21055.95,,MicroATX Mini Tower,Black,,30.2,4
Silverstone,Silverstone CS380,253.2,34182.0,,ATX Mid Tower,Black,,45,8
Silverstone,Silverstone FARA H1M,72.89,9840.15,,MicroATX Mini Tower,White,Tempered Glass,30.1,2
Montech,Montech HS01 PRO,114.9,15511.5,,ATX Mid Tower,White,Tempered Glass,55.3,2
darkFlash,darkFlash J11,79.98,10797.3,,ATX Mid Tower,Black,Tempered Glass,38.7,2
Gigabyte,Gigabyte AORUS C400,329.02,44417.7,,ATX Mid Tower,Black,Tempered Glass,42.8,2
be quiet!,be quiet! Shadow Base 800 DX,147.9,19966.5,,ATX Mid Tower,White,Tempered Glass,70.9,2
NZXT,NZXT H710i,191.65,25872.75,,ATX Mid Tower,Black / Red,Tempered Glass,58.6,4
Lian,Lian Li LL01,154.99,20923.65,,ATX Mid Tower,Black,Tempered Glass,49.5,2
Silverstone,Silverstone ML04 Type-C,140.85,19014.75,,HTPC,Black,Mesh,16,2
Thermaltake,Thermaltake Versa H24,161.0,21735.0,,ATX Mid Tower,Black,,42.6,3
Azza,Azza Cube 802 RGB,379.99,51298.65,,ATX Mid Tower,Black,Tempered Glass,,1
RAIJINTEK,RAIJINTEK Metis Plus,74.9,10111.5,,Mini ITX Tower,White,Acrylic,13.4,2
Silverstone,Silverstone DS380B,221.99,29968.65,,Mini ITX Tower,Black,,,0
Silverstone,Silverstone FARA 512Z,94.46,12752.1,,ATX Mid Tower,Black,Tempered Glass,43.3,2
Thermaltake,Thermaltake Ceres 350 MX,139.99,18898.65,,ATX Mid Tower,Blue,Tempered Glass,52.5,1
Silverstone,Silverstone FARA R1 PRO,91.99,12418.65,,ATX Mid Tower,Black,Tempered Glass,36,1
Geometric,Geometric Future Model 5 Vent,149.9,20236.5,,ATX Mid Tower,Black,Tempered Glass,53.8,2
In Win,In Win F5,149.0,20115.0,,ATX Full Tower,Black,Tempered Glass,65.1,2
Thermaltake,Thermaltake View 71 TG,199.99,26998.65,,ATX Full Tower,Black,Acrylic,,4
iBuypower,iBuypower Element 9 PRO,134.99,18223.65,,ATX Mid Tower,White,Tempered Glass,49.2,2
Aerocool,Aerocool Prism V1,75.26,10160.1,,ATX Mid Tower,Black,Tempered Glass,41.7,2
Geometric,Geometric Future Model 5 Vent,149.9,20236.5,,ATX Mid Tower,Black / Yellow,Tempered Glass,53.8,2
In Win,In Win ModFree Deluxe,269.0,36315.0,,ATX Full Tower,Black,Tempered Glass,84.5,1
Apevia,Apevia Prism Elite,105.99,14308.65,,ATX Mid Tower,Black,Tempered Glass,47.9,2
Rosewill,Rosewill Helium Flow RGB,89.99,12148.65,,ATX Mid Tower,Black,Tempered Glass,50.5,3
Cooler Master,Cooler Master MasterBox MB400L with ODD,71.06,9593.1,,MicroATX Mini Tower,Black,,35.4,2
Cooler Master,Cooler Master Elite 302,81.03,10939.05,,MicroATX Mini Tower,White / Black,Tempered Glass,34.1,1
Silverstone,Silverstone GD07B,230.07,31059.45,,HTPC,Black,,33.4,5
Silverstone,Silverstone ALTA G1M,171.13,23102.55,,MicroATX Mid Tower,,,,4
ADATA,ADATA XPG STARKER AIR,89.99,12148.65,,ATX Mid Tower,Pink,Tempered Glass,40,2
Apevia,Apevia Prism Elite,105.99,14308.65,,ATX Mid Tower,White,Tempered Glass,47.9,2
Thermaltake,Thermaltake CTE C750 ARGB,184.98,24972.3,,ATX Full Tower,White,Tempered Glass,110.7,7
be quiet!,be quiet! Dark Base 701,239.9,32386.5,,ATX Mid Tower,White,Tempered Glass,73.6,2
Chieftec,Chieftec BS-10B-300,167.02,22547.7,,MicroATX Mini Tower,Black,,14.4,1
Apevia,Apevia Genesis Pro,79.98,10797.3,,ATX Mid Tower,Black,Tempered Glass,35.7,3
G.Skill,G.Skill Z5i,139.99,18898.65,,Mini ITX Tower,Black,Tempered Glass,24.4,1
Silverstone,Silverstone Precision PS15 RGB,73.15,9875.25,,MicroATX Mid Tower,Black,Tempered Glass,25.7,1
Silverstone,Silverstone CS381B,457.99,61828.65,,MicroATX Desktop,Black,,,0
Thermaltake,Thermaltake H570 TG ARGB,124.98,16872.3,,ATX Mid Tower,White,Tempered Glass,48.8,2
Thermaltake,Thermaltake The Tower 250,132.49,17886.15,,Mini ITX Tower,Yellow / Brown,Tempered Glass,42.7,1
Cougar,Cougar Gemini M,159.43,21523.05,,MicroATX Mini Tower,Black,Tempered Glass,35.7,2
Azza,Azza Pyramid Mini 806,339.99,45898.65,,Mini ITX Tower,Silver / Black,Tempered Glass,,0
Aerocool,Aerocool Cronus,119.91,16187.85,,ATX Mid Tower,Black,Tempered Glass,54,3
iBuypower,iBuypower Element 9,114.99,15523.65,,ATX Mid Tower,White,Tempered Glass,49.2,2
Silverstone,Silverstone FTZ01,182.65,24657.75,,Mini ITX Desktop,Black,,,1
HYTE,HYTE REVOLT 3,249.99,33748.65,,Mini ITX Tower,Black,Mesh,18.4,1
Silverstone,Silverstone RVZ02B,118.98,16062.3,,HTPC,Black / Clear,Acrylic,,1
BGears,BGears b-Voguish RGB,83.99,11338.65,,ATX Mid Tower,Black,Tempered Glass,40.8,2
Chieftec,Chieftec CN-01B-OP,94.15,12710.25,,Mini ITX Desktop,Black,Mesh,13,3
Cooler Master,Cooler Master MasterCase H100,171.0,23085.0,,Mini ITX Desktop,Black,,,1
Corsair,Corsair 5000T,244.99,33073.65,,ATX Mid Tower,White,Tempered Glass,74.5,2
Thermaltake,Thermaltake CTE C700 Air,134.98,18222.3,,ATX Mid Tower,White,Tempered Glass,93.8,7
Silverstone,Silverstone SG13,74.27,10026.45,,Mini ITX Tower,Black,,11.5,1
YEYIAN,YEYIAN Mirage X,280.45,37860.75,,ATX Full Tower,Black,Tempered Glass,60.4,1
Rosewill,Rosewill Helium Flow RGB,89.99,12148.65,,ATX Mid Tower,White,Tempered Glass,50.5,3
be quiet!,be quiet! Pure Base 501 DX,139.9,18886.5,,ATX Mid Tower,White,Tempered Glass,48.1,2
Streacom,Streacom DA2,288.86,38996.1,,Mini ITX Desktop,Silver,,,3
Fractal,Fractal Design Core 1000,77.27,10431.45,,MicroATX Mini Tower,Black,,26.1,2
Thermaltake,Thermaltake Ceres 500,109.66,14804.1,,ATX Mid Tower,White,Tempered Glass,65.3,2
Asus,Asus A23 PLUS,129.0,17415.0,,MicroATX Mid Tower,Black,Tempered Glass,47.4,2
NZXT,NZXT H510i All Might,249.99,33748.65,,ATX Mid Tower,Blue / Red,Tempered Glass,41.3,2
ADATA,ADATA XPG Battlecruiser,160.0,21600.0,,ATX Mid Tower,Black,Tempered Glass,55.2,2
Geometric,Geometric Future Model 6,99.9,13486.5,,ATX Mid Tower,Black / Yellow,Tinted Tempered Glass,43.5,4
Thermaltake,Thermaltake Divider 300 TG,79.98,10797.3,,ATX Mid Tower,Black,Tempered Glass,48.2,2
ADATA,ADATA XPG DEFENDER,106.84,14423.4,,ATX Mid Tower,Black,Tempered Glass,47.7,2
TRYX,TRYX LUCA L70,249.99,33748.65,,ATX Mid Tower,White,Tempered Glass,80.9,0
MSI,MSI MAG PANO 120R PZ,235.4,31779.0,,ATX Mid Tower,Black,Tempered Glass,70.2,2
Silverstone,Silverstone ALTA G1M,183.71,24800.85,,MicroATX Mid Tower,White,,,4
Rosewill,Rosewill Zircon I,189.99,25648.65,,ATX Mid Tower,Black,Tempered Glass,43.4,2
Antec,Antec GX700,208.44,28139.4,,ATX Mid Tower,Black,,44.9,5
Antec,Antec P10 FLUX,106.99,14443.65,,ATX Mid Tower,Black,,,3
Thermaltake,Thermaltake CTE E660 MX,184.98,24972.3,,ATX Mid Tower,Blue / White,Tempered Glass,77.4,3
BGears,BGears b-BlackWidow-RGB,85.47,11538.45,,ATX Mid Tower,Black,Tinted Tempered Glass,41.2,2
Chieftec,Chieftec UK-02B-OP,155.09,20937.15,,ATX Mid Tower,Black,,29.6,2
Thermaltake,Thermaltake Ceres 350 MX,144.98,19572.3,,ATX Mid Tower,Green,Tempered Glass,52.5,1
Apevia,Apevia Destiny Pro,81.99,11068.65,,ATX Mid Tower,White / Black,Tempered Glass,42,2
Thermaltake,Thermaltake Ceres 350 MX,119.99,16198.65,,ATX Mid Tower,White,Tempered Glass,52.5,1
Silverstone,Silverstone PS15,74.56,10065.6,,MicroATX Mid Tower,White,Tempered Glass,25.7,1
Silverstone,Silverstone FARA 511Z,103.99,14038.65,,ATX Mid Tower,Black,Tempered Glass,42.9,2
Streacom,Streacom DA2 V2,259.99,35098.65,,Mini ITX Desktop,Silver,,17.5,0
HYTE,HYTE Y60 Hakos Baelz,280.0,37800.0,,ATX Mid Tower,Black / Red,Tempered Glass,60,2
Geometric,Geometric Future Model 5 Vent Fanless,109.9,14836.5,,ATX Mid Tower,Black,Tempered Glass,53.8,2
ADATA,ADATA XPG DEFENDER,96.74,13059.9,,ATX Mid Tower,White / Black,Tempered Glass,47.7,2
Thermaltake,Thermaltake Divider 200 TG Air Snow,149.96,20244.6,,MicroATX Mini Tower,White,Tempered Glass,51.6,3
Silverstone,Silverstone FARA H1M PRO,91.97,12415.95,,MicroATX Mini Tower,White / Black,Tempered Glass,30.1,2
In Win,In Win IW-MS04,148.86,20096.1,,Mini ITX Desktop,Black,,,4
Silverstone,Silverstone PM02-G,158.71,21425.85,,ATX Mid Tower,Black / Red,Tempered Glass,49.3,3
Thermaltake,Thermaltake CTE C700 TG ARGB,110.49,14916.15,,ATX Mid Tower,White,Tempered Glass,93.8,7
RAIJINTEK,RAIJINTEK Ponos Ultra MS4,79.98,10797.3,,ATX Mid Tower,Black,Tempered Glass,46.3,2
Silverstone,Silverstone SUGO 17,216.37,29209.95,,MicroATX Desktop,White,Mesh,26.1,1
Thermaltake,Thermaltake The Tower 300,159.99,21598.65,,MicroATX Mini Tower,Pink / Blue,Tempered Glass,53,3
Chieftec,Chieftec BT-02B-U3-250VS (230V),165.78,22380.3,,Mini ITX Tower,,,9.6,1
Silverstone,Silverstone PS15 PRO,192.49,25986.15,,MicroATX Mid Tower,Black,Tempered Glass,25.7,1
Cougar,Cougar MX330-F,86.84,11723.4,,ATX Mid Tower,Black,Acrylic,39.4,2
Asus,Asus TUF Gaming GT301,229.99,31048.65,,ATX Mid Tower,Pink / Black,Tempered Glass,43.9,2
SHARKOON,SHARKOON Rebel C50 RGB,481.35,64982.25,,ATX Mid Tower,Black,Tempered Glass,52.4,3
Cougar,Cougar Duoface RGB,122.0,16470.0,,ATX Mid Tower,White,Tempered Glass,43.6,2
Montech,Montech SKY ONE LITE,119.95,16193.25,,ATX Mid Tower,Black,Tempered Glass,44.8,2
be quiet!,be quiet! Pure Base 501 LX,154.9,20911.5,,ATX Mid Tower,White,Tempered Glass,48.1,2
SHARKOON,SHARKOON VS9 RGB,342.8,46278.0,,ATX Mid Tower,White,Tempered Glass,42.1,2
Aerocool,Aerocool Menace Saturn RGB,88.11,11894.85,,ATX Mid Tower,Black,Tempered Glass,36.7,2
Thermaltake,Thermaltake Versa H15,192.0,25920.0,,MicroATX Mid Tower,Black,Acrylic,,3
RAIJINTEK,RAIJINTEK METIS EVO TGS,81.23,10966.05,,Mini ITX Desktop,White,Tempered Glass,22.3,2
RAIJINTEK,RAIJINTEK Ponos Ultra TG4,88.99,12013.65,,ATX Mid Tower,White,Tempered Glass,46.3,2
GameMax,GameMax N80,116.99,15793.65,,ATX Mid Tower,Black,Tempered Glass,56,1
Cooler Master,Cooler Master MasterFrame 600,291.97,39415.95,,ATX Mid Tower,Silver,Tempered Glass,61.2,2
Silverstone,Silverstone SETA A2,197.99,26728.65,,ATX Mid Tower,White,Tempered Glass,68.7,11
Silverstone,Silverstone Sugo 16,100.1,13513.5,,Mini ITX Tower,White,,13,1
Geometric,Geometric Future Model 5 Fanless,119.9,16186.5,,ATX Mid Tower,White,Tempered Glass,51.1,2
Thermaltake,Thermaltake View 300 MX,228.75,30881.25,,ATX Mid Tower,Black,Tempered Glass,58.8,2
Silverstone,Silverstone GD10B,171.65,23172.75,,HTPC,Black,,27.4,2
Cougar,Cougar DarkBlader X5 RGB,333.94,45081.9,,ATX Mid Tower,Black,Tempered Glass,50,2
Cougar,Cougar Gemini S,119.94,16191.9,,ATX Mid Tower,Gray / Black,Tempered Glass,,2
Chieftec,Chieftec BX-10B-M-OP,94.24,12722.4,,MicroATX Mid Tower,Black,Mesh,28.8,1
Silverstone,Silverstone TJ04B-E,241.07,32544.45,,ATX Mid Tower,Black,,51,9
Thermaltake,Thermaltake CTE E550,169.95,22943.25,,ATX Mid Tower,White,Tempered Glass,77.4,3
Silverstone,Silverstone KL07B-E,148.08,19990.8,,ATX Mid Tower,Black,,52.9,3
Silverstone,Silverstone RVZ03W-ARGB,139.43,18823.05,,Mini ITX Desktop,White,,,0
Silverstone,Silverstone FARA 312Z,88.86,11996.1,,MicroATX Mini Tower,Black,Tempered Glass,37.2,2
Lian,Lian Li LANCOOL 205 Mesh,239.95,32393.25,,ATX Mid Tower,White / Black,Tempered Glass,41.3,2
GameMax,GameMax Abyss TR,112.99,15253.65,,ATX Mid Tower,Black,Tempered Glass,57.1,3
Thermaltake,Thermaltake Ceres 350 MX,139.99,18898.65,,ATX Mid Tower,Yellow,Tempered Glass,52.5,1
Apevia,Apevia Destiny Pro,81.99,11068.65,,ATX Mid Tower,Black,Tempered Glass,42,2
In Win,In Win F5,169.0,22815.0,,ATX Full Tower,White,Tempered Glass,65.1,2
Silverstone,Silverstone SETA H1,193.04,26060.4,,ATX Mid Tower,Black,Tempered Glass,55,2
Azza,Azza Hive 450,79.98,10797.3,,ATX Mid Tower,Black,Tempered Glass,41.9,2
SHARKOON,SHARKOON Rebel C50 RGB,480.24,64832.4,,ATX Mid Tower,White,Tempered Glass,52.4,3
Thermaltake,Thermaltake Ceres 350 MX,139.99,18898.65,,ATX Mid Tower,Black,Tempered Glass,52.5,1
RAIJINTEK,RAIJINTEK OPHION M EVO TGS,69.9,9436.5,,MicroATX Mid Tower,Black,Tempered Glass,,3
Chieftec,Chieftec UE-02B,119.1,16078.5,,MicroATX Mini Tower,,,12.9,1
Thermaltake,Thermaltake CTE E600,129.99,17548.65,,ATX Mid Tower,Blue,Tempered Glass,77.4,2
Thermaltake,Thermaltake CTE E660 MX,184.98,24972.3,,ATX Mid Tower,White,Tempered Glass,77.4,3
Silverstone,Silverstone Lucid LD03,149.81,20224.35,,Mini ITX Tower,,Tinted Tempered Glass,25.2,1
Silverstone,Silverstone FARA R1 PRO,94.99,12823.65,,ATX Mid Tower,Black,Tempered Glass,36,1
Geometric,Geometric Future Model 5 Fanless,119.9,16186.5,,ATX Mid Tower,Black / Green,Tempered Glass,51.1,2
Thermaltake,Thermaltake H550 TG ARGB,234.64,31676.4,,ATX Mid Tower,Black,Tempered Glass,,2
Thermaltake,Thermaltake Divider 300 TG Air Snow,119.99,16198.65,,ATX Mid Tower,White,Tempered Glass,48.2,2
Thermaltake,Thermaltake CTE E600,145.94,19701.9,,ATX Mid Tower,White,Tempered Glass,77.4,2
Montech,Montech SKY ONE LITE,134.96,18219.6,,ATX Mid Tower,White,Tempered Glass,44.8,2
Supermicro,Supermicro SuperChassis 721TQ-350B2,361.94,48861.9,,Mini ITX Tower,Black,,14.1,0
Thermaltake,Thermaltake Divider 300 ARGB Triangular,154.98,20922.3,,ATX Mid Tower,Black,Tempered Glass,48.2,2
Geometric,Geometric Future Model 2 The ARK,169.9,22936.5,,MicroATX Mini Tower,Black / Gold,Mesh,40.7,1
Thermaltake,Thermaltake H700 TG,94.98,12822.3,,ATX Mid Tower,White,Tempered Glass,53.5,2
Azza,Azza Regis,399.99,53998.65,,ATX Mid Tower,Black,Tempered Glass,,1
Silverstone,Silverstone Lucid LD03-AF,157.51,21263.85,,Mini ITX Tower,Black,Tempered Glass,25.2,1
Silverstone,Silverstone SG12B-V2,184.53,24911.55,,MicroATX Mini Tower,Black / Blue,,,3
SHARKOON,SHARKOON VS8 RGB,345.69,46668.15,,ATX Mid Tower,White,Tempered Glass,42.1,2
Azza,Azza Eclipse 440,79.98,10797.3,,ATX Mid Tower,Black,Tempered Glass,45.5,2
Chieftec,Chieftec CS-12B-300,146.86,19826.1,,MicroATX Mini Tower,Black,,12.3,1
HYTE,HYTE REVOLT 3,249.99,33748.65,,Mini ITX Tower,White,Mesh,18.4,1
In Win,In Win 904,69.98,9447.3,,ATX Mid Tower,Black,Tempered Glass,,3
Geometric,Geometric Future Model 5 Vent Fanless,109.9,14836.5,,ATX Mid Tower,White,Tempered Glass,53.8,2
Geometric,Geometric Future Model 5 Fanless,109.9,14836.5,,ATX Mid Tower,Black / Yellow,Tempered Glass,51.1,2
Silverstone,Silverstone ALTA F1,299.55,40439.25,,ATX Mid Tower,Black,Tempered Glass,56.8,2
Azza,Azza Chroma 410,120.0,16200.0,,ATX Mid Tower,Black,Acrylic,,2
Silverstone,Silverstone FTZ01,181.99,24568.65,,Mini ITX Desktop,Silver,,,1
ADATA,ADATA XPG Battlecruiser II,179.99,24298.65,,ATX Mid Tower,White,Tempered Glass,62.6,5
In Win,In Win ModFree Base,179.0,24165.0,,ATX Full Tower,Black,Tempered Glass,57.2,1
GAMDIAS,GAMDIAS NESO P1,149.99,20248.65,,ATX Full Tower,,Tempered Glass,75.2,5
Azza,Azza Octane A,99.99,13498.65,,ATX Mid Tower,Black,Tempered Glass,44.8,2
Silverstone,Silverstone FTZ01-E,200.69,27093.15,,Mini ITX Desktop,Black,,,0
RAIJINTEK,RAIJINTEK OPHION M EVO ALS,69.9,9436.5,,MicroATX Mid Tower,Black,,,3
Geometric,Geometric Future Model 2 The ARK,99.9,13486.5,,MicroATX Mini Tower,Gray / Black,Tempered Glass,40.7,1
iStarUSA,iStarUSA S-917,211.96,28614.6,,Mini ITX Tower,Black,,28.2,0
Silverstone,Silverstone FARA R1 PRO,108.86,14696.1,,ATX Mid Tower,White,Tempered Glass,36,1
Cougar,Cougar DarkBlader X5,177.76,23997.6,,ATX Mid Tower,White,Tempered Glass,50,2
Silverstone,Silverstone SETA A1,144.47,19503.45,,ATX Mid Tower,Silver / Black,Tempered Glass,45.7,2
Geometric,Geometric Future Model 5 Vent,159.9,21586.5,,ATX Mid Tower,White,Tempered Glass,53.8,2
Thermaltake,Thermaltake View 300 MX Snow TG ARGB,144.98,19572.3,,ATX Mid Tower,White,Tempered Glass,58.8,2
Cougar,Cougar DarkBlader X5,177.76,23997.6,,ATX Mid Tower,Black,Tempered Glass,50,2
Silverstone,Silverstone RV05B,116.35,15707.25,,ATX Mid Tower,Black,,63.8,2
Antec,Antec VSK10,295.77,39928.95,,MicroATX Mid Tower,Black,,,2
Silverstone,Silverstone SETA A1,139.46,18827.1,,ATX Mid Tower,Black,Tempered Glass,45.7,2
Thermaltake,Thermaltake Divider 500 TG ARGB Air Snow,159.99,21598.65,,ATX Mid Tower,White,Tempered Glass,56.8,2
Thermaltake,Thermaltake Divider 500 TG ARGB,164.98,22272.3,,ATX Mid Tower,Black,Tempered Glass,56.8,2
Geometric,Geometric Future Model 5 Vent Fanless,109.9,14836.5,,ATX Mid Tower,Black / Yellow,Tempered Glass,53.8,2
Silverstone,Silverstone ALTA F1,290.88,39268.8,,ATX Mid Tower,Silver / Black,Tempered Glass,56.8,2
Silverstone,Silverstone PM02-G,156.41,21115.35,,ATX Mid Tower,,Tempered Glass,49.3,3
Thermaltake,Thermaltake Divider 300 TG Air,124.98,16872.3,,ATX Mid Tower,Black,Tempered Glass,48.2,2
RAIJINTEK,RAIJINTEK STYX,89.99,12148.65,,MicroATX Mini Tower,Silver,,,3
Asus,Asus A23 PLUS,129.0,17415.0,,MicroATX Mid Tower,White,Tempered Glass,47.4,2
RAIJINTEK,RAIJINTEK Silenos Pro,207.78,28050.3,,ATX Mid Tower,Black,Tempered Glass,39.8,2
Silverstone,Silverstone CS383,379.99,51298.65,,ATX Full Tower,Black,,77,1
Aerocool,Aerocool Menace Saturn FRGB,145.0,19575.0,,ATX Mid Tower,Black,Tempered Glass,36.7,2
In Win,In Win EFS712,109.99,14848.65,,MicroATX Mini Tower,Black,,25.5,3
Geometric,Geometric Future Model 8,151.88,20503.8,,ATX Mid Tower,Black / White,Tinted Tempered Glass,57.5,3
Silverstone,Silverstone SG04B-F,155.51,20993.85,,MicroATX Mini Tower,Black,,24.7,2
Thermaltake,Thermaltake Divider 500 TG ARGB Air,164.98,22272.3,,ATX Mid Tower,Black,Tempered Glass,56.8,2
Chieftec,Chieftec BT-04B-U3-250VS (230V),262.0,35370.0,,Mini ITX Tower,Black,,10.5,1
GameMax,GameMax Vega,97.99,13228.65,,ATX Mid Tower,Gray / Black,Tempered Glass,53.2,3
Silverstone,Silverstone CS01-HS,180.49,24366.15,,Mini ITX Tower,Black,,,0
In Win,In Win EM048,351.24,47417.4,,MicroATX Mini Tower,Black,,,1
Thermaltake,Thermaltake Commander C34 TG Snow ARGB,74.96,10119.6,,ATX Mid Tower,White / Black,Tempered Glass,,3
BitFenix,BitFenix Colossus Micro,230.0,31050.0,,MicroATX Mid Tower,Black,,30.6,4
Thermaltake,Thermaltake Divider 550 TG Ultra,204.98,27672.3,,ATX Mid Tower,Black,Tempered Glass,56.8,2
Thermaltake,Thermaltake Divider 500 TG ARGB Snow,174.96,23619.6,,ATX Mid Tower,White,Tempered Glass,56.8,2
Silverstone,Silverstone CS01,148.72,20077.2,,Mini ITX Tower,Silver,,,2
Cougar,Cougar MX660-T RGB,240.25,32433.75,,ATX Mid Tower,Black,Tempered Glass,50,2
