brand,name,price_usd,price_bdt,image_url,socket,chipset,form_factor,max_memory_gb,memory_slots,memory_type,m2_slots,color
Asus,Asus PRIME B650-PLUS WIFI,159.99,21598.65,,AM5,,ATX,192,4,,,Black / Silver
MSI,MSI B650 GAMING PLUS WIFI,169.99,22948.65,,AM5,,ATX,192,4,,,Black
MSI,MSI MAG B650 TOMAHAWK WIFI,189.42,25571.7,,AM5,,ATX,256,4,,,Black
Gigabyte,Gigabyte X870E AORUS ELITE WIFI7,325.31,43916.85,,AM5,,ATX,256,4,,,Black
Asus,Asus PRIME B550M-A WIFI II,99.99,13498.65,,AM4,,Micro ATX,128,4,,,Blue / Silver
Gigabyte,Gigabyte B650 EAGLE AX,157.99,21328.65,,AM5,,ATX,192,4,,,Gray / Black
Asus,Asus TUF GAMING B850-PLUS WIFI,217.99,29428.65,,AM5,,ATX,192,4,,,Black / Silver
ASRock,ASRock B650M Pro RS WiFi,139.99,18898.65,,AM5,,Micro ATX,256,4,,,Black / Silver
MSI,MSI MAG X870 TOMAHAWK WIFI,269.99,36448.65,,AM5,,ATX,256,4,,,Black
Gigabyte,Gigabyte A520M K V2,68.47,9243.45,,AM4,,Micro ATX,64,2,,,Brown / Black
Asus,Asus B650E MAX GAMING WIFI W,149.99,20248.65,,AM5,,ATX,256,4,,,White
MSI,MSI PRO B650-S WIFI,135.99,18358.65,,AM5,,ATX,192,4,,,Black
Gigabyte,Gigabyte B550M K,99.99,13498.65,,AM4,,Micro ATX,128,4,,,Brown / Silver
ASRock,ASRock B850I Lightning WiFi,253.44,34214.4,,AM5,,Mini ITX,128,2,,,Black
MSI,MSI B760 GAMING PLUS WIFI,169.99,22948.65,,LGA1700,,ATX,192,4,,,Black / Silver
MSI,MSI PRO B550M-VC WIFI,99.99,13498.65,,AM4,,Micro ATX,128,4,,,Black
MSI,MSI PRO Z790-A MAX WIFI,220.0,29700.0,,LGA1700,,ATX,192,4,,,Silver / Black
Asus,Asus TUF GAMING B650-PLUS WIFI,159.99,21598.65,,AM5,,ATX,128,4,,,Black
Gigabyte,Gigabyte X870 EAGLE WIFI7,229.99,31048.65,,AM5,,ATX,256,4,,,Black
Gigabyte,Gigabyte X870 AORUS ELITE WIFI7 ICE,299.99,40498.65,,AM5,,ATX,256,4,,,White
MSI,MSI B550M PRO-VDH WIFI,109.99,14848.65,,AM4,,Micro ATX,128,4,,,Black
Asus,Asus ROG STRIX X870E-E GAMING WIFI,478.01,64531.35,,AM5,,ATX,192,4,,,Black
ASRock,ASRock B850M-X WiFi R2.0,129.99,17548.65,,AM5,,Micro ATX,128,2,,,Black / White
Gigabyte,Gigabyte B850 EAGLE WIFI6E,179.99,24298.65,,AM5,,ATX,256,4,,,Gray / Black
MSI,MSI MAG B850 TOMAHAWK MAX WIFI,219.99,29698.65,,AM5,,ATX,256,4,,,Black / Green
Gigabyte,Gigabyte B760M GAMING PLUS WIFI DDR4,139.49,18831.15,,LGA1700,,Micro ATX,128,4,,,Black / Silver
Asus,Asus ROG STRIX B650-A GAMING WIFI,164.95,22268.25,,AM5,,ATX,192,4,,,Black / Silver
Gigabyte,Gigabyte B650M GAMING PLUS WIFI,159.94,21591.9,,AM5,,Micro ATX,192,4,,,Silver / Black
MSI,MSI MAG B550 TOMAHAWK MAX WIFI,169.99,22948.65,,AM4,,ATX,128,4,,,Silver / Black
Gigabyte,Gigabyte B850 AORUS ELITE WIFI7,232.67,31410.45,,AM5,,ATX,256,4,,,Black
Gigabyte,Gigabyte B650 GAMING X AX V2,184.49,24906.15,,AM5,,ATX,192,4,,,Gray / Black
Asus,Asus ROG STRIX X870-A GAMING WIFI,318.99,43063.65,,AM5,,ATX,192,4,,,White
ASRock,ASRock A620I LIGHTNING WIFI,159.99,21598.65,,AM5,,Mini ITX,96,2,,,Black
Asus,Asus TUF GAMING B550-PLUS WIFI II,148.99,20113.65,,AM4,,ATX,128,4,,,Black / Gray
Asus,Asus TUF GAMING B650-E WIFI,199.99,26998.65,,AM5,,ATX,192,4,,,Black / Orange
Gigabyte,Gigabyte Z790 EAGLE AX,169.99,22948.65,,LGA1700,,ATX,192,4,,,Gray / Black
MSI,MSI B450M-A PRO MAX II,97.09,13107.15,,AM4,,Micro ATX,64,2,,,Black
MSI,MSI PRO B650M-P,149.99,20248.65,,AM5,,Micro ATX,192,4,,,Black / Silver
ASRock,ASRock B450M/ac R2.0,74.99,10123.65,,AM4,,Micro ATX,128,4,,,Black / Silver
Asus,Asus TUF GAMING B850M-PLUS WIFI,219.99,29698.65,,AM5,,Micro ATX,192,4,,,Black
ASRock,ASRock B450M-HDV R4.0,69.98,9447.3,,AM4,,Micro ATX,64,2,,,Black / White
Gigabyte,Gigabyte B850 AORUS ELITE WIFI7 ICE,239.99,32398.65,,AM5,,ATX,256,4,,,White / Silver
MSI,MSI PRO B760M-P DDR4,99.99,13498.65,,LGA1700,,Micro ATX,128,4,,,Black
Asus,Asus ROG STRIX B550-F GAMING WIFI II,169.99,22948.65,,AM4,,ATX,128,4,,,Black / Red
Gigabyte,Gigabyte B850M GAMING X WIFI6E,159.99,21598.65,,AM5,,Micro ATX,256,4,,,Black
Asus,Asus ROG CROSSHAIR X870E HERO,649.99,87748.65,,AM5,,ATX,192,4,,,Black
Gigabyte,Gigabyte A520I AC,99.99,13498.65,,AM4,,Mini ITX,64,2,,,Black
Gigabyte,Gigabyte B550M AORUS ELITE AX,149.99,20248.65,,AM4,,Micro ATX,128,4,,,Black / Silver
ASRock,ASRock B850M Pro-A WiFi,140.98,19032.3,,AM5,,Micro ATX,256,4,,,Black
ASRock,ASRock B650M PG Lightning Wifi,191.66,25874.1,,AM5,,Micro ATX,256,4,,,Silver / Black
MSI,MSI MPG B550 GAMING PLUS,104.99,14173.65,,AM4,,ATX,128,4,,,Black
MSI,MSI A520M-A PRO,67.62,9128.7,,AM4,,Micro ATX,64,2,,,Black
MSI,MSI PRO B650M-A WIFI,145.99,19708.65,,AM5,,Micro ATX,192,4,,,Black
Asus,Asus ROG STRIX B650E-F GAMING WIFI,254.25,34323.75,,AM5,,ATX,192,4,,,Black
Asus,Asus ROG STRIX B850-A GAMING WIFI,239.0,32265.0,,AM5,,ATX,192,4,,,White
ASRock,ASRock B550M Pro4,99.99,13498.65,,AM4,,Micro ATX,128,4,,,Silver / Black
MSI,MSI MAG X670E TOMAHAWK WIFI,248.71,33575.85,,AM5,,ATX,192,4,,,Black
Asus,Asus ROG STRIX B850-I GAMING WIFI,299.99,40498.65,,AM5,,Mini ITX,96,2,,,Black
Asus,Asus ROG STRIX B650E-I GAMING WIFI,219.95,29693.25,,AM5,,Mini ITX,96,2,,,Black
MSI,MSI MPG X870E CARBON WIFI,499.99,67498.65,,AM5,,ATX,256,4,,,Black
Gigabyte,Gigabyte B850 GAMING WIFI6,179.99,24298.65,,AM5,,ATX,256,4,,,Black / Gray
MSI,MSI B850 GAMING PLUS WIFI,199.99,26998.65,,AM5,,ATX,256,4,,,Silver / Black
Asus,Asus TUF GAMING X870-PLUS WIFI,266.99,36043.65,,AM5,,ATX,192,4,,,Black
Gigabyte,Gigabyte Z790 AORUS ELITE AX,184.99,24973.65,,LGA1700,,ATX,192,4,,,Black
MSI,MSI B550-A PRO,125.99,17008.65,,AM4,,ATX,128,4,,,Black / Silver
Asus,Asus ROG CROSSHAIR X870E EXTREME,999.99,134998.65,,AM5,,EATX,256,4,,,Black / Silver
ASRock,ASRock B850M Pro RS WiFi,149.99,20248.65,,AM5,,Micro ATX,256,4,,,Silver / Black
Asus,Asus TUF GAMING Z790-PLUS WIFI,219.99,29698.65,,LGA1700,,ATX,192,4,,,Black / Gray
Gigabyte,Gigabyte X870E AORUS PRO ICE,329.99,44548.65,,AM5,,ATX,256,4,,,White
Gigabyte,Gigabyte B650 AORUS ELITE AX,185.99,25108.65,,AM5,,ATX,192,4,,,Black / Silver
Gigabyte,Gigabyte A620I AX,138.0,18630.0,,AM5,,Mini ITX,96,2,,,Black / Gray
Gigabyte,Gigabyte X870I AORUS PRO ICE,284.99,38473.65,,AM5,,Mini ITX,128,2,,,White
MSI,MSI B650M GAMING PLUS WIFI,219.51,29633.85,,AM5,,Micro ATX,192,4,,,Silver / Black
Asus,Asus ROG STRIX B850-F GAMING WIFI,269.18,36339.3,,AM5,,ATX,192,4,,,Black
ASRock,ASRock X870 Pro RS,179.99,24298.65,,AM5,,ATX,256,4,,,White
MSI,MSI PRO A620M-E,154.9,20911.5,,AM5,,Micro ATX,96,2,,,Black
Asus,Asus TUF GAMING B650E-PLUS WIFI,189.99,25648.65,,AM5,,ATX,256,4,,,Black / Silver
Gigabyte,Gigabyte B850 GAMING X WIFI6E,197.99,26728.65,,AM5,,ATX,256,4,,,Gray / Black
Gigabyte,Gigabyte B550 GAMING X V2,129.99,17548.65,,AM4,,ATX,128,4,,,Black
ASRock,ASRock B650M-HDV/M.2,138.63,18715.05,,AM5,,Micro ATX,96,2,,,Silver / Black
Asus,Asus Z790 GAMING WIFI7,179.99,24298.65,,LGA1700,,ATX,192,4,,,Silver / Black
MSI,MSI MAG X870E TOMAHAWK WIFI,309.99,41848.65,,AM5,,ATX,256,4,,,Black / Green
Gigabyte,Gigabyte B550 EAGLE WIFI6,129.99,17548.65,,AM4,,ATX,128,4,,,Black
MSI,MSI PRO H610M-G DDR4,93.99,12688.65,,LGA1700,,Micro ATX,64,2,,,Black / Silver
MSI,MSI MEG X870E GODLIKE,999.99,134998.65,,AM5,,EATX,256,4,,,Black
ASRock,ASRock X870 Pro RS WiFi,240.99,32533.65,,AM5,,ATX,256,4,,,White
Gigabyte,Gigabyte B850M AORUS ELITE WIFI6E ICE,199.99,26998.65,,AM5,,Micro ATX,256,4,,,White / Silver
ASRock,ASRock B760M-HDV/M.2,119.32,16108.2,,LGA1700,,Micro ATX,96,2,,,White / Black
ASRock,ASRock A520M-HDV,62.99,8503.65,,AM4,,Micro ATX,64,2,,,Black / Silver
ASRock,ASRock B550 Phantom Gaming 4/ac,99.99,13498.65,,AM4,,ATX,128,4,,,Silver / Black
Gigabyte,Gigabyte X870 AORUS ELITE WIFI7,262.0,35370.0,,AM5,,ATX,256,4,,,Black
Asus,Asus ROG STRIX B760-I GAMING WIFI,209.95,28343.25,,LGA1700,,Mini ITX,96,2,,,Black
Gigabyte,Gigabyte X870 GAMING WIFI6,189.99,25648.65,,AM5,,ATX,256,4,,,Black / Gray
ASRock,ASRock A620M-HDV/M.2,129.14,17433.9,,AM5,,Micro ATX,96,2,,,Gray / Black
MSI,MSI MAG Z890 TOMAHAWK WIFI,239.99,32398.65,,LGA1851,,ATX,256,4,,,Black / Yellow
Asus,Asus ProArt X870E-CREATOR WIFI,517.99,69928.65,,AM5,,ATX,256,4,,,Black / Gold
ASRock,ASRock B650 PG LIGHTNING,129.99,17548.65,,AM5,,ATX,256,4,,,Black
MSI,MSI MAG B550 TOMAHAWK,139.99,18898.65,,AM4,,ATX,128,4,,,Black / Silver
MSI,MSI MAG B760 TOMAHAWK WIFI,164.99,22273.65,,LGA1700,,ATX,192,4,,,Black
Gigabyte,Gigabyte B550 UD AC,119.99,16198.65,,AM4,,ATX,128,4,,,Brown / Black
Gigabyte,Gigabyte B650M D3HP AX,139.99,18898.65,,AM5,,Micro ATX,192,4,,,Black / Gray
Asus,Asus PRIME B650M-A AX II,168.99,22813.65,,AM5,,Micro ATX,192,4,,,Black / Silver
ASRock,ASRock B650I Lightning Wifi,199.99,26998.65,,AM5,,Mini ITX,96,2,,,Black
ASRock,ASRock X870E Taichi,468.95,63308.25,,AM5,,EATX,256,4,,,Black
MSI,MSI MPG X870E EDGE TI WIFI,289.99,39148.65,,AM5,,ATX,256,4,,,Silver / White
ASRock,ASRock Phantom Gaming X870E Nova WiFi,299.99,40498.65,,AM5,,ATX,256,4,,,Black / Purple
MSI,MSI PRO X870E-P WIFI,244.94,33066.9,,AM5,,ATX,256,4,,,Black / Silver
MSI,MSI PRO B850-P WIFI,199.99,26998.65,,AM5,,ATX,256,4,,,Silver / Black
Gigabyte,Gigabyte B760M DS3H AX,129.99,17548.65,,LGA1700,,Micro ATX,192,4,,,Black
ASRock,ASRock B850 Riptide WiFi,199.99,26998.65,,AM5,,ATX,256,4,,,Black
MSI,MSI B840 GAMING PLUS WIFI,149.99,20248.65,,AM5,,ATX,256,4,,,Silver / Black
ASRock,ASRock B650M Pro RS,220.07,29709.45,,AM5,,Micro ATX,256,4,,,Black / Silver
Asus,Asus TUF GAMING A520M-PLUS WIFI,110.46,14912.1,,AM4,,Micro ATX,128,4,,,Black / Orange
ASRock,ASRock B760M PG Riptide Wifi,119.99,16198.65,,LGA1700,,Micro ATX,192,4,,,Black
ASRock,ASRock B650 Steel Legend WiFi,280.35,37847.25,,AM5,,ATX,256,4,,,White / Silver
Gigabyte,Gigabyte B650 AORUS ELITE AX ICE,199.74,26964.9,,AM5,,ATX,192,4,,,Silver
MSI,MSI X670E GAMING PLUS WIFI,189.99,25648.65,,AM5,,ATX,192,4,,,Silver / Black
Gigabyte,Gigabyte B650 AORUS ELITE AX V2,199.99,26998.65,,AM5,,ATX,192,4,,,Black / Silver
Asus,Asus ROG STRIX X870-I GAMING WIFI,448.99,60613.65,,AM5,,Mini ITX,128,2,,,Black
Asus,Asus ROG STRIX Z790-A GAMING WIFI II,590.0,79650.0,,LGA1700,,ATX,192,4,,,Black / Silver
MSI,MSI PRO Z790-P WIFI,179.99,24298.65,,LGA1700,,ATX,192,4,,,Black / Silver
ASRock,ASRock B760 Pro RS/D4,154.05,20796.75,,LGA1700,,ATX,128,4,,,Silver / Black
ASRock,ASRock B850M Steel Legend WiFi,179.99,24298.65,,AM5,,Micro ATX,256,4,,,Silver / Black
Asus,Asus TUF GAMING B650M-PLUS WIFI,259.0,34965.0,,AM5,,Micro ATX,192,4,,,Black
MSI,MSI B760M GAMING PLUS WIFI,252.19,34045.65,,LGA1700,,Micro ATX,192,4,,,Black / Silver
Gigabyte,Gigabyte B550M DS3H AC,99.99,13498.65,,AM4,,Micro ATX,128,4,,,Black
Gigabyte,Gigabyte B650M GAMING WIFI6E,177.17,23917.95,,AM5,,Micro ATX,128,2,,,Silver / Black
MSI,MSI PRO B760-P WIFI DDR4,159.95,21593.25,,LGA1700,,ATX,128,4,,,Black
Gigabyte,Gigabyte B650 EAGLE,212.19,28645.65,,AM5,,ATX,192,4,,,Black / Gray
MSI,MSI X870 GAMING PLUS WIFI,249.99,33748.65,,AM5,,ATX,256,4,,,Black / White
Asus,Asus TUF GAMING B760-PLUS WIFI,159.99,21598.65,,LGA1700,,ATX,192,4,,,Black
ASRock,ASRock Z790 PRO RS WIFI,229.68,31006.8,,LGA1700,,ATX,192,4,,,Silver / Black
Gigabyte,Gigabyte A520M S2H,72.98,9852.3,,AM4,,Micro ATX,64,2,,,Black
Asus,Asus Prime B450M-A II,140.0,18900.0,,AM4,,Micro ATX,128,4,,,
Gigabyte,Gigabyte B850I AORUS PRO,259.99,35098.65,,AM5,,Mini ITX,128,2,,,
Gigabyte,Gigabyte A520M DS3H V2,101.9,13756.5,,AM4,,Micro ATX,128,4,,,Gray / Brown
MSI,MSI B550 GAMING GEN3,124.58,16818.3,,AM4,,ATX,128,4,,,Black
MSI,MSI MAG B850M MORTAR WIFI,239.99,32398.65,,AM5,,Micro ATX,256,4,,,Black / Green
Gigabyte,Gigabyte B550 AORUS ELITE AX V2,149.99,20248.65,,AM4,,ATX,128,4,,,Black / Silver
ASRock,ASRock B850 Steel Legend WiFi,209.99,28348.65,,AM5,,ATX,256,4,,,White / Black
MSI,MSI MPG B650I EDGE WIFI,289.99,39148.65,,AM5,,Mini ITX,128,2,,,Black / Silver
MSI,MSI MAG Z790 TOMAHAWK WIFI,189.99,25648.65,,LGA1700,,ATX,192,4,,,Black
Gigabyte,Gigabyte B550I AORUS PRO AX,189.99,25648.65,,AM4,,Mini ITX,64,2,,,Black / Silver
Asus,Asus ROG STRIX B860-I GAMING WIFI,219.99,29698.65,,LGA1851,,Mini ITX,128,2,,,Black / Silver
Asus,Asus ROG STRIX B550-A GAMING,241.13,32552.55,,AM4,,ATX,128,4,,,Black / White
NZXT,NZXT N7 B650E,260.88,35218.8,,AM5,,ATX,128,4,,,White
Gigabyte,Gigabyte X870E AORUS PRO,349.99,47248.65,,AM5,,ATX,256,4,,,Black
MSI,MSI Z790 GAMING PLUS WIFI,169.99,22948.65,,LGA1700,,ATX,192,4,,,Black
MSI,MSI MPG B850I EDGE TI WIFI,249.99,33748.65,,AM5,,Mini ITX,128,2,,,Silver
ASRock,ASRock B650 PRO RS,147.02,19847.7,,AM5,,ATX,256,4,,,Black / Silver
Gigabyte,Gigabyte B650E AORUS ELITE X AX ICE,209.0,28215.0,,AM5,,ATX,192,4,,,Silver / White
MSI,MSI PRO B840-P WIFI,159.99,21598.65,,AM5,,ATX,256,4,,,Silver
ASRock,ASRock B550M-ITX/ac,99.99,13498.65,,AM4,,Mini ITX,64,2,,,Silver / Black
Gigabyte,Gigabyte X870E AORUS MASTER,499.99,67498.65,,AM5,,ATX,256,4,,,Black
ASRock,ASRock B850 Pro-A,139.99,18898.65,,AM5,,ATX,256,4,,,Black / Silver
ASRock,ASRock B760M-H2/M.2,153.88,20773.8,,LGA1700,,Micro ATX,96,2,,,Black / Silver
Asus,Asus ROG STRIX B850-E GAMING WIFI,339.0,45765.0,,AM5,,ATX,256,4,,,Black
MSI,MSI MAG B650M MORTAR WIFI,198.99,26863.65,,AM5,,Micro ATX,192,4,,,Black
ASRock,ASRock B650M Pro X3D WiFi,139.99,18898.65,,AM5,,Micro ATX,256,4,,,Black / Silver
MSI,MSI PRO X870-P WIFI,273.0,36855.0,,AM5,,ATX,256,4,,,Black / Silver
Asus,Asus PRIME B550-PLUS AC-HES,129.99,17548.65,,AM4,,ATX,128,4,,,Silver / Black
Asus,Asus PRIME X870-P WIFI,219.99,29698.65,,AM5,,ATX,192,4,,,Black / Silver
Gigabyte,Gigabyte B650M AORUS ELITE AX,199.99,26998.65,,AM5,,Micro ATX,192,4,,,Black
ASRock,ASRock B550 Phantom Gaming-ITX/ax,149.99,20248.65,,AM4,,Mini ITX,64,2,,,Silver / Black
Asus,Asus Z790-AYW WIFI W II,189.99,25648.65,,LGA1700,,ATX,192,4,,,White
ASRock,ASRock B850M Riptide WiFi,169.99,22948.65,,AM5,,Micro ATX,256,4,,,Black
Gigabyte,Gigabyte B760M DS3H DDR4,109.99,14848.65,,LGA1700,,Micro ATX,128,4,,,Black
Asus,Asus TUF GAMING B760M-PLUS WIFI II,263.77,35608.95,,LGA1700,,Micro ATX,192,4,,,Black / Orange
Gigabyte,Gigabyte B650M AORUS ELITE AX ICE,199.99,26998.65,,AM5,,Micro ATX,192,4,,,Silver
Asus,Asus PRIME H610I-PLUS D4-CSM,112.99,15253.65,,LGA1700,,Mini ITX,64,2,,,Silver / Black
Asus,Asus PRIME B760M-A AX,131.74,17784.9,,LGA1700,,Micro ATX,128,4,,,Silver / Black
Gigabyte,Gigabyte B550M DS3H,137.64,18581.4,,AM4,,Micro ATX,128,4,,,Black / Gold
MSI,MSI PRO B650-P WIFI,169.99,22948.65,,AM5,,ATX,192,4,,,Black
ASRock,ASRock B650M-H/M.2+,99.99,13498.65,,AM5,,Micro ATX,96,2,,,Silver / Black
ASRock,ASRock X870 Steel Legend WiFi,259.99,35098.65,,AM5,,ATX,256,4,,,White
Asus,Asus ROG MAXIMUS Z790 DARK HERO,999.99,134998.65,,LGA1700,,ATX,192,4,,,Black
Gigabyte,Gigabyte Z790 AORUS ELITE X WIFI7,239.99,32398.65,,LGA1700,,ATX,192,4,,,Black
ASRock,ASRock H610M/ac,89.99,12148.65,,LGA1700,,Micro ATX,64,2,,,Silver / Black
Gigabyte,Gigabyte B650I AORUS ULTRA,237.0,31995.0,,AM5,,Mini ITX,96,2,,,Black / Silver
Gigabyte,Gigabyte A620M S2H,110.82,14960.7,,AM5,,Micro ATX,96,2,,,Gray / Black
Gigabyte,Gigabyte Z890 EAGLE WIFI7,224.27,30276.45,,LGA1851,,ATX,256,4,,,Silver / Black
Asus,Asus ROG STRIX B450-F GAMING II,269.27,36351.45,,AM4,,ATX,128,4,,,Black
Asus,Asus ROG STRIX X870-F GAMING WIFI,419.99,56698.65,,AM5,,ATX,192,4,,,Black
Gigabyte,Gigabyte B450M DS3H,153.26,20690.1,,AM4,,Micro ATX,128,4,,,Black / Silver
Asus,Asus PRIME B840-PLUS WIFI,149.99,20248.65,,AM5,,ATX,192,4,,,Silver / Black
ASRock,ASRock B850 LiveMixer WiFi,189.99,25648.65,,AM5,,ATX,256,4,,,Silver / Black
Asus,Asus TUF GAMING B550M-PLUS WIFI II,199.99,26998.65,,AM4,,Micro ATX,128,4,,,Black / Gray
ASRock,ASRock B450M PRO4 R2.0,99.99,13498.65,,AM4,,Micro ATX,128,4,,,Gray / Black
ASRock,ASRock B660M Pro RS,107.99,14578.65,,LGA1700,,Micro ATX,128,4,,,Gray / Black
ASRock,ASRock A620M Pro RS WiFi,148.93,20105.55,,AM5,,Micro ATX,256,4,,,Silver / Black
Asus,Asus ROG STRIX X670E-E GAMING WIFI,384.0,51840.0,,AM5,,ATX,192,4,,,Black / Silver
ASRock,ASRock H510M-HDV/M.2 SE,94.31,12731.85,,LGA1200,,Micro ATX,64,2,,,Black / Silver
Asus,Asus ROG STRIX B550-F GAMING,219.99,29698.65,,AM4,,ATX,128,4,,,Black
ASRock,ASRock B550M-HDV,89.99,12148.65,,AM4,,Micro ATX,64,2,,,Black
MSI,MSI PRO Z890-P WIFI,189.99,25648.65,,LGA1851,,ATX,256,4,,,Black / Silver
MSI,MSI PRO B650-A WIFI,169.99,22948.65,,AM5,,ATX,256,4,,,Black / Silver
ASRock,ASRock B850M-X WiFi,124.99,16873.65,,AM5,,Micro ATX,128,2,,,Black / White
Gigabyte,Gigabyte B550M AORUS ELITE,134.0,18090.0,,AM4,,Micro ATX,128,4,,,Black / Orange
ASRock,ASRock Phantom Gaming X870 Riptide WiFi,249.99,33748.65,,AM5,,ATX,256,4,,,Black / Purple
Asus,Asus PRIME B650M-A WIFI II,237.07,32004.45,,AM5,,Micro ATX,192,4,,,Black / Silver
MSI,MSI MPG B850 EDGE TI WIFI,309.99,41848.65,,AM5,,ATX,256,4,,,Silver / White
MSI,MSI PRO B760M-A WIFI DDR4,154.99,20923.65,,LGA1700,,Micro ATX,128,4,,,Black
Gigabyte,Gigabyte B550M GAMING X WIFI6,154.99,20923.65,,AM4,,Micro ATX,128,4,,,Gray / Black
MSI,MSI B650M PROJECT ZERO,229.99,31048.65,,AM5,,Micro ATX,256,4,,,Silver / Black
Gigabyte,Gigabyte B760 GAMING X AX,239.94,32391.9,,LGA1700,,ATX,192,4,,,Black / Gray
Asus,Asus ROG STRIX B450-F GAMING,129.99,17548.65,,AM4,,ATX,128,4,,,Black
Asus,Asus B760M-AYW WIFI D4 II,99.99,13498.65,,LGA1700,,Micro ATX,64,2,,,Black / Silver
ASRock,ASRock X870E Taichi Lite,299.99,40498.65,,AM5,,EATX,256,4,,,Black / Silver
MSI,MSI MPG Z790 CARBON MAX WIFI II,469.99,63448.65,,LGA1700,,ATX,256,4,,,Black
NZXT,NZXT N9 X870E,459.99,62098.65,,AM5,,ATX,192,4,,,Black
Asus,Asus ROG CROSSHAIR X870E APEX,749.99,101248.65,,AM5,,ATX,128,2,,,Black
Asus,Asus ROG STRIX Z890-E GAMING WIFI,424.0,57240.0,,LGA1851,,ATX,192,4,,,Black
Asus,Asus TUF GAMING X670E-PLUS WIFI,235.99,31858.65,,AM5,,ATX,192,4,,,Black / Orange
Gigabyte,Gigabyte B650I AX,223.75,30206.25,,AM5,,Mini ITX,96,2,,,Black
Asus,Asus ROG STRIX Z790-E GAMING WIFI,399.99,53998.65,,LGA1700,,ATX,192,4,,,Black
Gigabyte,Gigabyte B650 GAMING X AX,166.63,22495.05,,AM5,,ATX,192,4,,,Black / Gray
ASRock,ASRock B660M-HDV,107.51,14513.85,,LGA1700,,Micro ATX,64,2,,,Gray / Black
Gigabyte,Gigabyte X670 AORUS ELITE AX,239.99,32398.65,,AM5,,ATX,192,4,,,Black
MSI,MSI PRO B850M-P WIFI,179.99,24298.65,,AM5,,Micro ATX,256,4,,,Black / Silver
Gigabyte,Gigabyte B450M K,99.95,13493.25,,AM4,,Micro ATX,64,2,,,Brown / Silver
Gigabyte,Gigabyte X870E AORUS ELITE WIFI7 ICE,329.99,44548.65,,AM5,,ATX,256,4,,,White
Gigabyte,Gigabyte X870E AORUS XTREME AI TOP,799.99,107998.65,,AM5,,EATX,256,4,,,Black
ASRock,ASRock B860I WiFi,159.99,21598.65,,LGA1851,,Mini ITX,128,2,,,Black
Asus,Asus TUF GAMING B650-PLUS,159.99,21598.65,,AM5,,ATX,128,4,,,Black / Orange
Gigabyte,Gigabyte B650M S2H,147.47,19908.45,,AM5,,Micro ATX,96,2,,,Black / Gray
MSI,MSI B550M PRO-VDH,153.09,20667.15,,AM4,,Micro ATX,128,4,,,Black
ASRock,ASRock B450M Steel Legend,92.67,12510.45,,AM4,,Micro ATX,64,4,,,Black / White
MSI,MSI MAG Z790 TOMAHAWK MAX WIFI,248.43,33538.05,,LGA1700,,ATX,192,4,,,Black / Yellow
ASRock,ASRock B850 Pro-A WiFi,177.99,24028.65,,AM5,,ATX,256,4,,,Black / Silver
NZXT,NZXT N9 X870E,459.99,62098.65,,AM5,,ATX,192,4,,,White
ASRock,ASRock B850M Pro RS,149.99,20248.65,,AM5,,Micro ATX,256,4,,,Silver / Black
Asus,Asus B650E MAX GAMING WIFI,169.99,22948.65,,AM5,,ATX,192,4,,,Black / Silver
Asus,Asus TUF GAMING B850-BTF WIFI W,279.99,37798.65,,AM5,,ATX,256,4,,,White / Silver
ASRock,ASRock H610M-HDV/M.2+ D5,89.57,12091.95,,LGA1700,,Micro ATX,96,2,,,White / Black
MSI,MSI PRO B650M-B,154.86,20906.1,,AM5,,Micro ATX,96,2,,,Black
MSI,MSI B450M PRO-VDH MAX,110.0,14850.0,,AM4,,Micro ATX,64,4,,,Black / Silver
Asus,Asus PRIME B650-PLUS,174.02,23492.7,,AM5,,ATX,192,4,,,Black / Silver
Asus,Asus PRIME Z790-P WIFI,249.99,33748.65,,LGA1700,,ATX,192,4,,,Black / Silver
Gigabyte,Gigabyte Z890 AORUS ELITE WIFI7,245.4,33129.0,,LGA1851,,ATX,256,4,,,Black
Asus,Asus TUF GAMING Z890-PLUS WIFI,260.0,35100.0,,LGA1851,,ATX,192,4,,,Black
ASRock,ASRock B850M-X,111.98,15117.3,,AM5,,Micro ATX,128,2,,,Black / White
Asus,Asus ROG STRIX B650E-E GAMING WIFI,404.73,54638.55,,AM5,,ATX,192,4,,,Black
Gigabyte,Gigabyte B850M DS3H,154.99,20923.65,,AM5,,Micro ATX,256,4,,,Gray / Black
ASRock,ASRock B650M PG RIPTIDE WIFI,185.99,25108.65,,AM5,,Micro ATX,256,4,,,Black
MSI,MSI X870E GAMING PLUS WIFI,329.99,44548.65,,AM5,,ATX,256,4,,,Black
Gigabyte,Gigabyte Z790 AORUS PRO X,329.99,44548.65,,LGA1700,,ATX,192,4,,,Silver
Gigabyte,Gigabyte B650M D3HP,169.44,22874.4,,AM5,,Micro ATX,192,4,,,Black
Asus,Asus TUF GAMING A620M-PLUS WIFI,155.99,21058.65,,AM5,,Micro ATX,192,4,,,Black / Orange
Asus,Asus ProArt Z890-CREATOR WIFI,489.99,66148.65,,LGA1851,,ATX,256,4,,,Black / Gold
ASRock,ASRock B550 Phantom Gaming 4,99.99,13498.65,,AM4,,ATX,128,4,,,Silver / Black
Gigabyte,Gigabyte X870 GAMING X WIFI7,259.99,35098.65,,AM5,,ATX,256,4,,,Black
MSI,MSI Z790 PROJECT ZERO,279.99,37798.65,,LGA1700,,ATX,256,4,,,Silver / Black
Asus,Asus TUF GAMING X870E-PLUS WIFI7,359.99,48598.65,,AM5,,ATX,256,4,,,Black / Silver
Asus,Asus X870 MAX GAMING WIFI7,233.65,31542.75,,AM5,,ATX,256,4,,,Black
Asus,Asus ROG STRIX X570-E GAMING WIFI II,495.31,66866.85,,AM4,,ATX,128,4,,,Black
Gigabyte,Gigabyte Z790M AORUS ELITE AX ICE,199.99,26998.65,,LGA1700,,Micro ATX,192,4,,,White / Silver
Gigabyte,Gigabyte Z890M AORUS ELITE WIFI7 ICE,189.95,25643.25,,LGA1851,,Micro ATX,256,4,,,White / Silver
MSI,MSI B760 GAMING PLUS WIFI DDR4,243.73,32903.55,,LGA1700,,ATX,128,4,,,Black / Silver
Gigabyte,Gigabyte B760I AORUS PRO,199.99,26998.65,,LGA1700,,Mini ITX,96,2,,,Silver / Black
Gigabyte,Gigabyte X870 AORUS STEALTH ICE,309.99,41848.65,,AM5,,ATX,256,4,,,White
Gigabyte,Gigabyte B550 AORUS ELITE V2,190.78,25755.3,,AM4,,ATX,128,4,,,Black
Asus,Asus PRIME B450M-K II,111.64,15071.4,,AM4,,Micro ATX,64,2,,,Black
Asus,Asus ROG STRIX Z690-E GAMING WIFI,361.52,48805.2,,LGA1700,,ATX,192,4,,,Black
Asus,Asus PRIME B550-PLUS,169.78,22920.3,,AM4,,ATX,128,4,,,Black / White
Asus,Asus TUF GAMING B450-PLUS II,192.85,26034.75,,AM4,,ATX,128,4,,,Black
MSI,MSI PRO B760M-P,124.98,16872.3,,LGA1700,,Micro ATX,192,4,,,Black
MSI,MSI B760M PROJECT ZERO,206.99,27943.65,,LGA1700,,Micro ATX,256,4,,,Silver / Black
Asus,Asus ROG MAXIMUS Z890 HERO,619.99,83698.65,,LGA1851,,ATX,192,4,,,Black
Gigabyte,Gigabyte B850 EAGLE WIFI7 ICE,342.89,46290.15,,AM5,,ATX,256,4,,,White
ASRock,ASRock B650M PG Lightning,192.99,26053.65,,AM5,,Micro ATX,256,4,,,Silver / Black
Gigabyte,Gigabyte B650E AORUS STEALTH ICE,422.04,56975.4,,AM5,,ATX,192,4,,,White / Silver
MSI,MSI PRO H610M-G WIFI DDR4,119.99,16198.65,,LGA1700,,Micro ATX,64,2,,,Black / Silver
Gigabyte,Gigabyte B850M EAGLE WIFI6E ICE,164.99,22273.65,,AM5,,Micro ATX,256,4,,,White
ASRock,ASRock A520M-ITX/ac,150.01,20251.35,,AM4,,Mini ITX,64,2,,,Black / Silver
ASRock,ASRock B850 Pro RS,177.99,24028.65,,AM5,,ATX,256,4,,,Silver / Black
Asus,Asus PRIME B650M-A II-CSM,159.99,21598.65,,AM5,,Micro ATX,192,4,,,Silver / Black
MSI,MSI MPG X670E CARBON WIFI,479.99,64798.65,,AM5,,ATX,192,4,,,Black
Asus,Asus PRIME A520M-A II/CSM,78.86,10646.1,,AM4,,Micro ATX,128,4,,,Silver / Black
Asus,Asus X870 AYW GAMING WIFI W,219.99,29698.65,,AM5,,ATX,256,4,,,White / Silver
ASRock,ASRock H470M-HVS,59.99,8098.65,,LGA1200,,Micro ATX,64,2,,,Black / Silver
ASRock,ASRock A620M Pro RS,154.16,20811.6,,AM5,,Micro ATX,256,4,,,Silver / Black
MSI,MSI MAG B860 TOMAHAWK WIFI,169.99,22948.65,,LGA1851,,ATX,256,4,,,Black / Yellow
MSI,MSI MPG B650 EDGE WIFI,179.99,24298.65,,AM5,,ATX,192,4,,,Black / Silver
Asus,Asus ROG STRIX B760-A GAMING WIFI,229.99,31048.65,,LGA1700,,ATX,192,4,,,Silver / Black
ASRock,ASRock B450M/AC,84.29,11379.15,,AM4,,Micro ATX,64,4,,,Black
Asus,Asus ROG STRIX B850-G GAMING WIFI,259.99,35098.65,,AM5,,Micro ATX,256,4,,,White
ASRock,ASRock B650 Pro RS WiFi,160.98,21732.3,,AM5,,ATX,256,4,,,Silver / Black
Gigabyte,Gigabyte H610M H V3 DDR4,130.93,17675.55,,LGA1700,,Micro ATX,64,2,,,Black / Silver
Asus,Asus ROG STRIX Z790-F GAMING WIFI II,579.99,78298.65,,LGA1700,,ATX,192,4,,,Black
Asus,Asus PRIME B650M-K,188.27,25416.45,,AM5,,Micro ATX,96,2,,,Silver / Black
MSI,MSI MAG B760M MORTAR WIFI II,199.98,26997.3,,LGA1700,,Micro ATX,192,4,,,Silver / Black
Asus,Asus PRIME A620M-K,144.63,19525.05,,AM5,,Micro ATX,96,2,,,Black / Silver
Gigabyte,Gigabyte H410M H V2,108.61,14662.35,,LGA1200,,Micro ATX,64,2,,,Gray / Black
MSI,MSI MEG X670E ACE,369.99,49948.65,,AM5,,EATX,192,4,,,Black / Gold
Asus,Asus PRIME B550M-A AC,109.99,14848.65,,AM4,,Micro ATX,128,4,,,Black / Silver
MSI,MSI B450 Gaming Plus MAX,162.0,21870.0,,AM4,,ATX,128,4,,,Red / Black
Asus,Asus TUF GAMING B550-PLUS,207.05,27951.75,,AM4,,ATX,128,4,,,Black
ASRock,ASRock A520M-HVS,85.67,11565.45,,AM4,,Micro ATX,64,2,,,Black / Silver
Asus,Asus PRIME B450M-A,127.78,17250.3,,AM4,,Micro ATX,64,4,,,Black
NZXT,NZXT N7 Z790,299.99,40498.65,,LGA1700,,ATX,192,4,,,White / Black
MSI,MSI PRO Z790-P WIFI DDR4,205.0,27675.0,,LGA1700,,ATX,128,4,,,Black / Silver
Gigabyte,Gigabyte A520 AORUS ELITE,135.14,18243.9,,AM4,,ATX,128,4,,,Black / Orange
Gigabyte,Gigabyte A620M GAMING X,188.99,25513.65,,AM5,,Micro ATX,192,4,,,Brown / Gray
Gigabyte,Gigabyte Z790 AORUS PRO X WIFI7,299.99,40498.65,,LGA1700,,ATX,192,4,,,Black
Asus,Asus ROG STRIX X670E-A GAMING WIFI,264.99,35773.65,,AM5,,ATX,192,4,,,Silver / Black
ASRock,ASRock B850 Pro RS WiFi,189.99,25648.65,,AM5,,ATX,256,4,,,Silver / Black
MSI,MSI MPG Z790 EDGE WIFI,209.0,28215.0,,LGA1700,,ATX,192,4,,,Silver / Black
Gigabyte,Gigabyte B450 AORUS PRO WIFI (rev. 1.0),227.26,30680.1,,AM4,,ATX,64,4,,,Black / Silver
Gigabyte,Gigabyte B850M AORUS ELITE WIFI6E,307.15,41465.25,,AM5,,Micro ATX,256,4,,,Black
ASRock,ASRock B450 Pro4 R2.0,129.91,17537.85,,AM4,,ATX,128,4,,,Black
Asus,Asus PRIME B660-PLUS D4,179.99,24298.65,,LGA1700,,ATX,128,4,,,Silver / Black
MSI,MSI MEG Z890 GODLIKE,1081.99,146068.65,,LGA1851,,EATX,256,4,,,Black
ASRock,ASRock B550M Phantom Gaming 4,99.99,13498.65,,AM4,,Micro ATX,128,4,,,Black
MSI,MSI PRO B860M-A WIFI,159.99,21598.65,,LGA1851,,Micro ATX,256,4,,,Silver / Black
Asus,Asus ROG Crosshair VIII Dark Hero,730.56,98625.6,,AM4,,ATX,128,4,,,Black / Silver
MSI,MSI PRO B760-P II,239.38,32316.3,,LGA1700,,ATX,256,4,,,Black / Silver
Asus,Asus ROG STRIX X670E-F GAMING WIFI,418.0,56430.0,,AM5,,ATX,192,4,,,Black / Silver
Gigabyte,Gigabyte B850 AORUS STEALTH ICE,264.99,35773.65,,AM5,,ATX,256,4,,,White
MSI,MSI MPG Z490 GAMING EDGE WIFI,438.88,59248.8,,LGA1200,,ATX,128,4,,,Black / Silver
Gigabyte,Gigabyte B850 EAGLE ICE,271.76,36687.6,,AM5,,ATX,256,4,,,White
Gigabyte,Gigabyte B850M D3HP,196.72,26557.2,,AM5,,Micro ATX,256,4,,,Gray / Black
Gigabyte,Gigabyte H610I,129.99,17548.65,,LGA1700,,Mini ITX,64,2,,,Black
MSI,MSI PRO Z790-VC WIFI,179.99,24298.65,,LGA1700,,ATX,192,4,,,Black
Asus,Asus ROG MAXIMUS Z790 HERO,655.54,88497.9,,LGA1700,,ATX,192,4,,,Black
MSI,MSI Z890 GAMING PLUS WIFI,266.99,36043.65,,LGA1851,,ATX,256,4,,,Black
ASRock,ASRock B860 Pro-A,139.99,18898.65,,LGA1851,,ATX,256,4,,,Black
Asus,Asus ROG STRIX Z890-A GAMING WIFI,392.08,52930.8,,LGA1851,,ATX,256,4,,,White
Asus,Asus PRIME H610M-K D4,115.06,15533.1,,LGA1700,,Micro ATX,64,2,,,Silver / Black
ASRock,ASRock Z790M-ITX WIFI,199.99,26998.65,,LGA1700,,Mini ITX,96,2,,,Black
Asus,Asus PRIME B550M-K,135.0,18225.0,,AM4,,Micro ATX,128,4,,,Black / White
Asus,Asus PRIME B450-PLUS,168.31,22721.85,,AM4,,ATX,64,4,,,Black / Silver
Asus,Asus ROG MAXIMUS Z890 EXTREME,849.0,114615.0,,LGA1851,,EATX,192,4,,,Black
Asus,Asus Z890 AYW GAMING WIFI W,219.99,29698.65,,LGA1851,,ATX,192,4,,,White
Asus,Asus PRIME H510M-K,108.0,14580.0,,LGA1200,,Micro ATX,64,2,,,Black / Silver
Asus,Asus TUF GAMING Z690-PLUS WIFI,219.99,29698.65,,LGA1700,,ATX,192,4,,,Black / Gray
MSI,MSI MAG Z690 TOMAHAWK WIFI DDR4,399.0,53865.0,,LGA1700,,ATX,128,4,,,Black / Silver
Gigabyte,Gigabyte B850 AI TOP,319.99,43198.65,,AM5,,ATX,256,4,,,Black
ASRock,ASRock B760 Pro RS,176.75,23861.25,,LGA1700,,ATX,192,4,,,Silver / Black
NZXT,NZXT N7 Z790,271.31,36626.85,,LGA1700,,ATX,192,4,,,Black
Gigabyte,Gigabyte H610M K V2,114.74,15489.9,,LGA1700,,Micro ATX,96,2,,,Brown / Black
Asus,Asus PRIME Z790-A WIFI,299.99,40498.65,,LGA1700,,ATX,192,4,,,Black / Silver
Gigabyte,Gigabyte B550 EAGLE,147.45,19905.75,,AM4,,ATX,128,4,,,Black
MSI,MSI MPG X570 GAMING PLUS,512.22,69149.7,,AM4,,ATX,128,4,,,Black / Red
Gigabyte,Gigabyte X570 AORUS ELITE WIFI,368.0,49680.0,,AM4,,ATX,128,4,,,Black
ASRock,ASRock B550M Steel Legend,164.84,22253.4,,AM4,,Micro ATX,128,4,,,Silver / Black
Asus,Asus PRIME B650M-R,182.42,24626.7,,AM5,,Micro ATX,96,2,,,Silver / Black
Asus,Asus ROG STRIX Z790-E GAMING WIFI II,445.2,60102.0,,LGA1700,,ATX,192,4,,,Black
Asus,Asus X870 MAX GAMING WIFI7 W,235.84,31838.4,,AM5,,ATX,256,4,,,White
ASRock,ASRock X670E Steel Legend,512.24,69152.4,,AM5,,ATX,256,4,,,Black / White
Gigabyte,Gigabyte X670 GAMING X AX V2,229.95,31043.25,,AM5,,ATX,192,4,,,Black / Gray
Asus,Asus PRIME B760-PLUS D4,172.99,23353.65,,LGA1700,,ATX,128,4,,,Silver / Black
Gigabyte,Gigabyte B550M DS3H AC R2,109.99,14848.65,,AM4,,Micro ATX,128,4,,,Black
Asus,Asus PRIME X570-P,358.29,48369.15,,AM4,,ATX,128,4,,,Black / White
MSI,MSI PRO A620M-B,161.13,21752.55,,AM5,,Micro ATX,128,2,,,Black
Asus,Asus ProArt Z790-CREATOR WIFI,693.83,93667.05,,LGA1700,,ATX,192,4,,,Black / Copper
MSI,MSI PRO B760-VC WIFI IV,169.99,22948.65,,LGA1700,,ATX,256,4,,,Black / Silver
Asus,Asus ROG STRIX Z890-H GAMING WIFI,329.99,44548.65,,LGA1851,,ATX,256,4,,,Black
Asus,Asus TUF GAMING B760M-BTF WIFI,239.99,32398.65,,LGA1700,,Micro ATX,192,4,,,Black
MSI,MSI MPG Z890I EDGE TI WIFI,329.95,44543.25,,LGA1851,,Mini ITX,128,2,,,White
Asus,Asus TUF GAMING B550M-PLUS,157.99,21328.65,,AM4,,Micro ATX,128,4,,,Black
Gigabyte,Gigabyte H610I DDR4,161.13,21752.55,,LGA1700,,Mini ITX,64,2,,,Black / Gray
Asus,Asus PRIME X670E-PRO WIFI,349.99,47248.65,,AM5,,ATX,192,4,,,Silver / Black
Asus,Asus PRIME B560M-A,219.99,29698.65,,LGA1200,,Micro ATX,128,4,,,Silver / Black
ASRock,ASRock B760M-ITX/D4 WiFi,215.82,29135.7,,LGA1700,,Mini ITX,64,2,,,Silver / Black
Asus,Asus PRO H610M-CT D4-CSM,89.99,12148.65,,LGA1700,,Micro ATX,64,2,,,Green / Black
ASRock,ASRock B850M Pro-A,199.13,26882.55,,AM5,,Micro ATX,256,4,,,Black
MSI,MSI MPG B760I EDGE WIFI,219.99,29698.65,,LGA1700,,Mini ITX,96,2,,,Black / Silver
MSI,MSI X470 GAMING PLUS MAX,199.99,26998.65,,AM4,,ATX,128,4,,,Black
Asus,Asus TUF GAMING B450M-PLUS II,164.99,22273.65,,AM4,,Micro ATX,128,4,,,Black
MSI,MSI PRO B840M-B,157.77,21298.95,,AM5,,Micro ATX,128,2,,,Black
ASRock,ASRock Z790 PG SONIC,159.99,21598.65,,LGA1700,,ATX,192,4,,,Black / Blue
Asus,Asus TUF GAMING Z790-PLUS WIFI D4,229.99,31048.65,,LGA1700,,ATX,128,4,,,Black
Gigabyte,Gigabyte B650 UD AX (rev. 1.0),169.99,22948.65,,AM5,,ATX,192,4,,,Black / Gray
MSI,MSI MPG Z790 EDGE TI MAX WIFI,399.0,53865.0,,LGA1700,,ATX,192,4,,,Silver / Black
Asus,Asus PRIME Z890M-PLUS WIFI,229.99,31048.65,,LGA1851,,Micro ATX,192,4,,,Black / Silver
Gigabyte,Gigabyte B760M DS3H AX DDR4,178.81,24139.35,,LGA1700,,Micro ATX,128,4,,,Black
Gigabyte,Gigabyte B760 GAMING X DDR4,355.26,47960.1,,LGA1700,,ATX,128,4,,,Black
MSI,MSI MPG Z490 GAMING PLUS,337.04,45500.4,,LGA1200,,ATX,128,4,,,Black / Silver
Asus,Asus PRIME H510M-A,152.09,20532.15,,LGA1200,,Micro ATX,64,2,,,Black / Silver
MSI,MSI B450-A PRO MAX,240.73,32498.55,,AM4,,ATX,64,4,,,Brown / Black
Asus,Asus PRIME Z890-P WIFI,239.99,32398.65,,LGA1851,,ATX,192,4,,,Black / Silver
ASRock,ASRock Z890I Nova WiFi,299.99,40498.65,,LGA1851,,Mini ITX,128,2,,,Black
ASRock,ASRock Z790 Steel Legend WiFi,319.0,43065.0,,LGA1700,,ATX,192,4,,,Silver / Black
Gigabyte,Gigabyte X570 AORUS ELITE,349.0,47115.0,,AM4,,ATX,128,4,,,Black / Silver
Asus,Asus TUF GAMING B850M-PLUS,334.12,45106.2,,AM5,,Micro ATX,192,4,,,Black
Gigabyte,Gigabyte B650 UD AC,169.99,22948.65,,AM5,,ATX,192,4,,,Black / Gray
MSI,MSI MPG Z890 CARBON WIFI,499.99,67498.65,,LGA1851,,ATX,256,4,,,Black
Gigabyte,Gigabyte B760M D3HP WIFI6,232.01,31321.35,,LGA1700,,Micro ATX,192,4,,,Gray / Black
ASRock,ASRock B450 Steel Legend,172.0,23220.0,,AM4,,ATX,64,4,,,Black / Silver
Asus,Asus ROG MAXIMUS Z890 HERO BTF,699.99,94498.65,,LGA1851,,ATX,256,4,,,Black
Asus,Asus ROG STRIX Z490-E GAMING,363.66,49094.1,,LGA1200,,ATX,128,4,,,Black
Asus,Asus TUF GAMING A520M-PLUS II,130.24,17582.4,,AM4,,Micro ATX,128,4,,,Black
Asus,Asus TUF GAMING B860M-PLUS WIFI,209.99,28348.65,,LGA1851,,Micro ATX,256,4,,,Black / Silver
Gigabyte,Gigabyte Z790 AORUS MASTER X,444.0,59940.0,,LGA1700,,EATX,192,4,,,Black
ASRock,ASRock B860M-X,119.99,16198.65,,LGA1851,,Micro ATX,128,2,,,Silver / Black
ASRock,ASRock X570 Phantom Gaming 4,270.44,36509.4,,AM4,,ATX,128,4,,,Black / Silver
Gigabyte,Gigabyte X570 I AORUS PRO WIFI,400.0,54000.0,,AM4,,Mini ITX,64,2,,,Black / Silver
ASRock,ASRock B450 Pro4,121.55,16409.25,,AM4,,ATX,64,4,,,Black / Silver
Asus,Asus ROG STRIX Z690-A GAMING WIFI D4,309.99,41848.65,,LGA1700,,ATX,128,4,,,Silver / Black
Gigabyte,Gigabyte B860I AORUS PRO ICE,209.99,28348.65,,LGA1851,,Mini ITX,128,2,,,White / Silver
ASRock,ASRock B650E PG-ITX WIFI,349.99,47248.65,,AM5,,Mini ITX,96,2,,,Black / Red
Gigabyte,Gigabyte H610M S2H V2 DDR4,99.99,13498.65,,LGA1700,,Micro ATX,64,2,,,Black / Gray
Asus,Asus PRIME X570-PRO,429.0,57915.0,,AM4,,ATX,128,4,,,Black / White
Biostar,Biostar B650MT,125.0,16875.0,,AM5,,Micro ATX,96,2,,,Black / Silver
ASRock,ASRock B550 Pro4,161.99,21868.65,,AM4,,ATX,128,4,,,Silver / Black
MSI,MSI PRO B550M-P GEN3,95.95,12953.25,,AM4,,Micro ATX,128,4,,,Black
MSI,MSI MEG X570 UNIFY,399.0,53865.0,,AM4,,ATX,128,4,,,Black
Asus,Asus ROG Strix X570-I Gaming,538.99,72763.65,,AM4,,Mini ITX,64,2,,,Black
MSI,MSI PRO Z790-S WIFI,194.0,26190.0,,LGA1700,,ATX,192,4,,,Black
Gigabyte,Gigabyte B650M AORUS ELITE,204.73,27638.55,,AM5,,Micro ATX,192,4,,,Black
ASRock,ASRock B860 Pro RS WiFi,159.99,21598.65,,LGA1851,,ATX,256,4,,,Silver / Black
ASRock,ASRock X570 Phantom Gaming 4S,2945.06,397583.1,,AM4,,ATX,128,4,,,Black
Asus,Asus TUF GAMING B860-PLUS WIFI,219.99,29698.65,,LGA1851,,ATX,256,4,,,Black / Gray
Asus,Asus ROG STRIX Z590-E GAMING WIFI,514.9,69511.5,,LGA1200,,ATX,128,4,,,Black
Gigabyte,Gigabyte H610M S2H V3 DDR4,109.95,14843.25,,LGA1700,,Micro ATX,64,2,,,Black / Silver
Asus,Asus ROG MAXIMUS Z790 EXTREME,2608.6,352161.0,,LGA1700,,EATX,192,4,,,Black
Asus,Asus ROG STRIX Z890-F GAMING WIFI,389.99,52648.65,,LGA1851,,ATX,192,4,,,Black
Gigabyte,Gigabyte Z790 UD AC,197.99,26728.65,,LGA1700,,ATX,192,4,,,Black
Gigabyte,Gigabyte Z890M GAMING X,169.99,22948.65,,LGA1851,,Micro ATX,256,4,,,Silver / Black
ASRock,ASRock B860I Lightning WiFi,219.99,29698.65,,LGA1851,,Mini ITX,128,2,,,Black
Gigabyte,Gigabyte Z790 D AX,265.76,35877.6,,LGA1700,,ATX,192,4,,,Black / Gray
Asus,Asus PRIME B840M-A WIFI-CSM,179.99,24298.65,,AM5,,Micro ATX,192,4,,,Silver / Black
Asus,Asus TUF GAMING X570-PLUS,388.83,52492.05,,AM4,,ATX,128,4,,,Black / Gold
Asus,Asus PROART B650-CREATOR,330.21,44578.35,,AM5,,ATX,192,4,,,Black / Copper
Asus,Asus ROG STRIX Z790-A GAMING WIFI D4,407.95,55073.25,,LGA1700,,ATX,128,4,,,Black / Silver
Gigabyte,Gigabyte B760 DS3H AX,159.99,21598.65,,LGA1700,,ATX,192,4,,,Gray / Black
Gigabyte,Gigabyte B840M DS3H,137.63,18580.05,,AM5,,Micro ATX,256,4,,,Gray / Black
Gigabyte,Gigabyte B650M DS3H,209.83,28327.05,,AM5,,Micro ATX,192,4,,,Brown / Black
Asus,Asus PRIME B760M-K D4,290.9,39271.5,,LGA1700,,Micro ATX,64,2,,,Silver / Black
Gigabyte,Gigabyte B860 GAMING X WIFI6E,179.99,24298.65,,LGA1851,,ATX,256,4,,,Silver / Black
Asus,Asus PRIME X870-P,363.29,49044.15,,AM5,,ATX,192,4,,,Black / Silver
Asus,Asus ROG STRIX B760-F GAMING WIFI,477.94,64521.9,,LGA1700,,ATX,192,4,,,Black
MSI,MSI PRO Z890-S WIFI PZ,209.99,28348.65,,LGA1851,,ATX,256,4,,,Silver
ASRock,ASRock B760M-HDV/M.2 D4,125.05,16881.75,,LGA1700,,Micro ATX,64,2,,,Silver / Black
Asus,Asus PRIME X670-P WIFI,269.99,36448.65,,AM5,,ATX,192,4,,,Silver / Black
Gigabyte,Gigabyte B760M D3HP DDR4,144.87,19557.45,,LGA1700,,Micro ATX,128,4,,,Black / Gray
Asus,Asus TUF Gaming Z590-PLUS WIFI,338.5,45697.5,,LGA1200,,ATX,128,4,,,Silver / Black
ASRock,ASRock B760M Steel Legend WiFi,232.19,31345.65,,LGA1700,,Micro ATX,192,4,,,Silver / Black
Asus,Asus PRIME B550M-A,146.27,19746.45,,AM4,,Micro ATX,128,4,,,Black / White
Gigabyte,Gigabyte Z890 UD WIFI6E,189.79,25621.65,,LGA1851,,ATX,256,4,,,Black / Gray
ASRock,ASRock Z890 Pro-A WiFi,199.99,26998.65,,LGA1851,,ATX,256,4,,,Black / Silver
MSI,MSI MAG B760 TOMAHAWK WIFI DDR4,189.99,25648.65,,LGA1700,,ATX,128,4,,,Black
Asus,Asus ROG Crosshair VIII Hero (WI-FI),719.0,97065.0,,AM4,,ATX,128,4,,,Black
MSI,MSI PRO B850M-A WIFI,199.99,26998.65,,AM5,,Micro ATX,128,4,,,Black / Silver
Asus,Asus PRIME B660M-K D4,144.87,19557.45,,LGA1700,,Micro ATX,64,2,,,Silver / Black
Gigabyte,Gigabyte B860 AORUS ELITE WIFI7 ICE,189.99,25648.65,,LGA1851,,ATX,256,4,,,White / Silver
MSI,MSI MPG Z690 EDGE WIFI DDR4,386.99,52243.65,,LGA1700,,ATX,128,4,,,Black / Gray
Gigabyte,Gigabyte Z890 AORUS ELITE WIFI7 ICE,219.99,29698.65,,LGA1851,,ATX,256,4,,,White / Silver
Gigabyte,Gigabyte B850M EAGLE WIFI6E,164.99,22273.65,,AM5,,Micro ATX,256,4,,,Black
MSI,MSI A520M PRO,118.83,16042.05,,AM4,,Micro ATX,64,2,,,Black
Asus,Asus PRIME Z490-P,305.0,41175.0,,LGA1200,,ATX,128,4,,,Black / Silver
Asus,Asus ROG STRIX Z690-F GAMING WIFI,275.0,37125.0,,LGA1700,,ATX,192,4,,,Black / Silver
Asus,Asus PRIME B760M-A D4,149.99,20248.65,,LGA1700,,Micro ATX,128,4,,,Silver / Black
Gigabyte,Gigabyte Z790M AORUS ELITE AX,199.99,26998.65,,LGA1700,,Micro ATX,192,4,,,Black / Silver
Gigabyte,Gigabyte B760M AORUS ELITE AX,212.57,28696.95,,LGA1700,,Micro ATX,192,4,,,Black / Silver
Asus,Asus ROG Strix X570-E Gaming,539.0,72765.0,,AM4,,ATX,128,4,,,Black
ASRock,ASRock Z790 Pro RS,176.99,23893.65,,LGA1700,,ATX,192,4,,,Silver / Black
Gigabyte,Gigabyte Z790 GAMING X AX,199.99,26998.65,,LGA1700,,ATX,192,4,,,Black
MSI,MSI MAG B550M MORTAR MAX WIFI,159.99,21598.65,,AM4,,Micro ATX,128,4,,,Silver / Black
Asus,Asus TUF GAMING Z890-PRO WIFI,272.0,36720.0,,LGA1851,,ATX,192,4,,,White
ASRock,ASRock B550 PG Riptide,189.57,25591.95,,AM4,,ATX,128,4,,,Black / Silver
MSI,MSI B860M GAMING PLUS WIFI,179.99,24298.65,,LGA1851,,Micro ATX,256,4,,,Silver / Black
ASRock,ASRock Z790 Nova WiFi,445.38,60126.3,,LGA1700,,ATX,192,4,,,Black
Gigabyte,Gigabyte B450 AORUS ELITE V2,301.0,40635.0,,AM4,,ATX,128,4,,,Black
ASRock,ASRock B860M-X WiFi,129.99,17548.65,,LGA1851,,Micro ATX,128,2,,,Silver / Black
Asus,Asus ROG STRIX Z890-I GAMING WIFI,419.99,56698.65,,LGA1851,,Mini ITX,96,2,,,Black
Gigabyte,Gigabyte B860 EAGLE WIFI6E,169.99,22948.65,,LGA1851,,ATX,256,4,,,Gray / Black
Asus,Asus PRIME B850-PLUS WIFI,199.99,26998.65,,AM5,,ATX,256,4,,,Black / Silver
Gigabyte,Gigabyte Z890 AORUS MASTER,484.01,65341.35,,LGA1851,,ATX,256,4,,,Black / Silver
Asus,Asus TUF GAMING Z790-BTF WIFI,299.99,40498.65,,LGA1700,,ATX,192,4,,,Silver / Black
Asus,Asus PRIME Z790-P,287.39,38797.65,,LGA1700,,ATX,192,4,,,Silver / Black
Asus,Asus ROG STRIX Z790-F GAMING WIFI,442.98,59802.3,,LGA1700,,ATX,192,4,,,Black
MSI,MSI MPG B760M EDGE TI WIFI,219.99,29698.65,,LGA1700,,Micro ATX,192,4,,,Silver / Black
ASRock,ASRock A620M-HDV/M.2+,148.67,20070.45,,AM5,,Micro ATX,96,2,,,Gray / Black
MSI,MSI PRO Z890-A WIFI,289.99,39148.65,,LGA1851,,ATX,256,4,,,Black / Silver
Asus,Asus ROG STRIX Z690-I GAMING WIFI,429.0,57915.0,,LGA1700,,Mini ITX,96,2,,,Black / Silver
Asus,Asus TUF GAMING B660M-PLUS WIFI D4,229.0,30915.0,,LGA1700,,Micro ATX,128,4,,,Black / Orange
Asus,Asus PRIME H610M-E D4-CSM,99.99,13498.65,,LGA1700,,Micro ATX,64,2,,,Silver / Black
ASRock,ASRock Z890M Riptide WiFi,241.1,32548.5,,LGA1851,,Micro ATX,256,4,,,Black / Silver
MSI,MSI PRO H610M-E,151.17,20407.95,,LGA1700,,Micro ATX,96,2,,,Black
Gigabyte,Gigabyte Z790 D,239.06,32273.1,,LGA1700,,ATX,192,4,,,Black / Gray
ASRock,ASRock B760I Lightning WiFi,327.99,44278.65,,LGA1700,,Mini ITX,96,2,,,Black
Asus,Asus TUF GAMING B760M-PLUS II,241.57,32611.95,,LGA1700,,Micro ATX,192,4,,,Black
Asus,Asus PRIME A620M-A-CSM,129.99,17548.65,,AM5,,Micro ATX,192,4,,,Silver / Black
ASRock,ASRock B860 Pro RS,149.99,20248.65,,LGA1851,,ATX,256,4,,,Silver / Black
Asus,Asus TUF GAMING B760M-PLUS WIFI D4,261.87,35352.45,,LGA1700,,Micro ATX,128,4,,,Black / Orange
Gigabyte,Gigabyte B650M K,195.0,26325.0,,AM5,,Micro ATX,192,4,,,Brown / Silver
ASRock,ASRock B550 Steel Legend,205.35,27722.25,,AM4,,ATX,128,4,,,Silver / Black
Gigabyte,Gigabyte B650 AERO G,229.99,31048.65,,AM5,,ATX,192,4,,,Black / Silver
Asus,Asus ROG Strix X570-F Gaming,483.67,65295.45,,AM4,,ATX,128,4,,,Black
Gigabyte,Gigabyte GA-AB350-GAMING 3,279.99,37798.65,,AM4,,ATX,64,4,,,Black / Red
Asus,Asus ROG STRIX Z790-H GAMING WIFI,479.99,64798.65,,LGA1700,,ATX,192,4,,,Black
MSI,MSI Z590 PRO WIFI,381.49,51501.15,,LGA1200,,ATX,128,4,,,Black
Gigabyte,Gigabyte Z890 AORUS XTREME AI TOP,999.99,134998.65,,LGA1851,,EATX,256,4,,,Black
MSI,MSI MEG Z890 ACE,609.99,82348.65,,LGA1851,,ATX,256,4,,,Black / Gold
MSI,MSI MPG Z790I EDGE WIFI,309.99,41848.65,,LGA1700,,Mini ITX,96,2,,,Silver / Black
Gigabyte,Gigabyte B860M AORUS ELITE WIFI6E,189.99,25648.65,,LGA1851,,Micro ATX,256,4,,,Black
MSI,MSI MAG Z790 TOMAHAWK WIFI DDR4,349.99,47248.65,,LGA1700,,ATX,128,4,,,Black
Asus,Asus ROG STRIX B660-I GAMING WIFI,235.74,31824.9,,LGA1700,,Mini ITX,96,2,,,Black / Silver
Gigabyte,Gigabyte B760I AORUS PRO DDR4,209.99,28348.65,,LGA1700,,Mini ITX,64,2,,,Black / Gray
Gigabyte,Gigabyte B550 AORUS PRO AC,306.49,41376.15,,AM4,,ATX,128,4,,,Black / Orange
Biostar,Biostar H610MT-E,105.36,14223.6,,LGA1700,,Micro ATX,64,2,,,Black
Asus,Asus TUF B450-PLUS GAMING,218.89,29550.15,,AM4,,ATX,64,4,,,Black / Gold
Asus,Asus TUF GAMING B650M-E,255.1,34438.5,,AM5,,Micro ATX,192,4,,,Black
MSI,MSI B560M PRO-E,179.99,24298.65,,LGA1200,,Micro ATX,64,2,,,Black
ASRock,ASRock X870 Pro-A WiFi,199.99,26998.65,,AM5,,ATX,256,4,,,Black
Asus,Asus ROG MAXIMUS Z890 APEX,609.99,82348.65,,LGA1851,,ATX,96,2,,,White
Gigabyte,Gigabyte B760M D3HP,160.19,21625.65,,LGA1700,,Micro ATX,192,4,,,Black / Gray
MSI,MSI MPG X570 GAMING PRO CARBON WIFI,399.89,53985.15,,AM4,,ATX,128,4,,,Black / Silver
Asus,Asus PRIME B860-PLUS WIFI,179.99,24298.65,,LGA1851,,ATX,256,4,,,Silver / Black
Asus,Asus TUF B450M-PLUS GAMING,289.0,39015.0,,AM4,,Micro ATX,64,4,,,Black / Gold
MSI,MSI MPG Z790 CARBON WIFI,479.99,64798.65,,LGA1700,,ATX,192,4,,,Black
MSI,MSI MPG Z890 EDGE TI WIFI,369.99,49948.65,,LGA1851,,ATX,256,4,,,Silver / White
Gigabyte,Gigabyte Z890I AORUS ULTRA,319.99,43198.65,,LGA1851,,Mini ITX,128,2,,,Black
ASRock,ASRock Z790I Lightning WiFi,442.98,59802.3,,LGA1700,,Mini ITX,96,2,,,Black
ASRock,ASRock H610M-HVS/M.2 R2.0,104.73,14138.55,,LGA1700,,Micro ATX,64,2,,,Black / Silver
Asus,Asus PRIME Z790M-PLUS,295.95,39953.25,,LGA1700,,Micro ATX,192,4,,,Silver / Black
MSI,MSI PRO B660M-A DDR4,289.0,39015.0,,LGA1700,,Micro ATX,128,4,,,Black / Silver
ASRock,ASRock B650M PG RIPTIDE,185.99,25108.65,,AM5,,Micro ATX,256,4,,,Black
Gigabyte,Gigabyte B760 DS3H AX DDR4,195.6,26406.0,,LGA1700,,ATX,128,4,,,Black
MSI,MSI B350M BAZOOKA,118.0,15930.0,,AM4,,Micro ATX,64,4,,,Black / White
Gigabyte,Gigabyte Z790 AORUS MASTER,520.99,70333.65,,LGA1700,,EATX,192,4,,,Black / Silver
NZXT,NZXT N7-Z69XT-B1,299.99,40498.65,,LGA1700,,ATX,128,4,,,Black
ASRock,ASRock Z790 PG LIGHTNING,194.43,26248.05,,LGA1700,,ATX,192,4,,,Black
Gigabyte,Gigabyte B460M DS3H V2,191.56,25860.6,,LGA1200,,Micro ATX,128,4,,,Brown / Black
Gigabyte,Gigabyte B660 DS3H DDR4,203.34,27450.9,,LGA1700,,ATX,128,4,,,Black
MSI,MSI MAG B860M MORTAR WIFI,189.99,25648.65,,LGA1851,,Micro ATX,256,4,,,Black / Green
Gigabyte,Gigabyte Z890 GAMING X WIFI7,259.99,35098.65,,LGA1851,,ATX,256,4,,,Silver / Black
Gigabyte,Gigabyte X670E AORUS XTREME (rev. 1.0),949.99,128248.65,,AM5,,EATX,256,4,,,Black
NZXT,NZXT N9 Z890,449.99,60748.65,,LGA1851,,ATX,192,4,,,Black
MSI,MSI PRO Z890-S WIFI WHITE,209.99,28348.65,,LGA1851,,ATX,256,4,,,White
ASRock,ASRock X670E PG Lightning,373.52,50425.2,,AM5,,ATX,256,4,,,Black
Gigabyte,Gigabyte H810M H,102.48,13834.8,,LGA1851,,Micro ATX,128,2,,,Gray / Black
MSI,MSI Z590-A PRO,299.99,40498.65,,LGA1200,,ATX,128,4,,,Black
ASRock,ASRock B860 LiveMixer WiFi,139.99,18898.65,,LGA1851,,ATX,256,4,,,Silver / Black
Asus,Asus ROG STRIX B660-A GAMING WIFI D4,305.0,41175.0,,LGA1700,,ATX,128,4,,,Silver / Black
Biostar,Biostar B450MH,109.9,14836.5,,AM4,,Micro ATX,32,2,,,Black / Yellow
Gigabyte,Gigabyte Z690 AORUS ELITE AX DDR4,377.0,50895.0,,LGA1700,,ATX,128,4,,,Black / Silver
MSI,MSI MPG B550 GAMING CARBON WIFI,376.0,50760.0,,AM4,,ATX,128,4,,,Black / Silver
Gigabyte,Gigabyte B550M AORUS PRO-P,211.49,28551.15,,AM4,,Micro ATX,128,4,,,Black
Gigabyte,Gigabyte X570 AORUS MASTER,530.0,71550.0,,AM4,,ATX,128,4,,,Black / Silver
MSI,MSI B850 GAMING PLUS WIFI PZ,249.99,33748.65,,AM5,,ATX,256,4,,,Silver / Turquoise
Gigabyte,Gigabyte Z890 AI TOP,549.99,74248.65,,LGA1851,,EATX,256,4,,,Gray / Black
Asus,Asus PRIME H810M-A-CSM,119.99,16198.65,,LGA1851,,Micro ATX,128,2,,,Silver / Black
ASRock,ASRock B860 Lightning WiFi,149.99,20248.65,,LGA1851,,ATX,256,4,,,Black
Gigabyte,Gigabyte H810M GAMING WIFI6,139.99,18898.65,,LGA1851,,Micro ATX,128,2,,,Black / Silver
Gigabyte,Gigabyte B860M DS3H WIFI6E,180.51,24368.85,,LGA1851,,Micro ATX,256,4,,,Silver / Black
MSI,MSI B450 Gaming Plus,179.99,24298.65,,AM4,,ATX,64,4,,,Red / Black
ASRock,ASRock X570 Steel Legend,314.69,42483.15,,AM4,,ATX,128,4,,,Black / Silver
Asus,Asus PRIME H610M-A D4-CSM,109.99,14848.65,,LGA1700,,Micro ATX,64,2,,,Silver / Black
Gigabyte,Gigabyte Z890 AERO D,939.0,126765.0,,LGA1851,,EATX,256,4,,,White
Asus,Asus Pro B550M-C/CSM,144.83,19552.05,,AM4,,Micro ATX,128,4,,,Green
Gigabyte,Gigabyte B760 DS3H AC,203.94,27531.9,,LGA1700,,ATX,192,4,,,Gray / Black
MSI,MSI B860 GAMING PLUS WIFI,202.78,27375.3,,LGA1851,,ATX,256,4,,,Silver / Black
ASRock,ASRock Z790 Pro RS/D4,209.99,28348.65,,LGA1700,,ATX,128,4,,,Silver / Black
Asus,Asus ROG MAXIMUS Z690 HERO,729.0,98415.0,,LGA1700,,ATX,192,4,,,Black / Silver
Asus,Asus TUF GAMING B550-PLUS (WI-FI),289.0,39015.0,,AM4,,ATX,128,4,,,Black
Gigabyte,Gigabyte A520M DS3H AC,123.5,16672.5,,AM4,,Micro ATX,128,4,,,Black
ASRock,ASRock B860 Steel Legend WiFi,199.99,26998.65,,LGA1851,,ATX,256,4,,,White / Silver
NZXT,NZXT N9 Z890,449.99,60748.65,,LGA1851,,ATX,192,4,,,White
Asus,Asus TUF GAMING Z490-PLUS (WI-FI),370.0,49950.0,,LGA1200,,ATX,128,4,,,Black
Asus,Asus ROG MAXIMUS XII HERO (WI-FI),490.0,66150.0,,LGA1200,,ATX,128,4,,,Black
MSI,MSI MEG Z890 UNIFY-X,511.13,69002.55,,LGA1851,,ATX,128,2,,,Black
ASRock,ASRock Z890 Pro-A,189.99,25648.65,,LGA1851,,ATX,256,4,,,Black / Silver
Gigabyte,Gigabyte B860 DS3H WIFI6E,139.99,18898.65,,LGA1851,,ATX,256,4,,,Silver / Black
ASRock,ASRock Z890 Steel Legend WiFi,259.99,35098.65,,LGA1851,,ATX,256,4,,,Silver
Asus,Asus ROG MAXIMUS Z690 FORMULA,409.47,55278.45,,LGA1700,,ATX,192,4,,,Silver / Black
Gigabyte,Gigabyte Z790 GAMING PLUS AX,195.99,26458.65,,LGA1700,,ATX,192,4,,,Black / Gray
Gigabyte,Gigabyte Z690 GAMING X DDR4,367.49,49611.15,,LGA1700,,ATX,128,4,,,Black / Gray
Asus,Asus PRIME Z790-P WIFI D4,408.81,55189.35,,LGA1700,,ATX,128,4,,,Black / Silver
Asus,Asus TUF GAMING B650EM-E WIFI,209.99,28348.65,,AM5,,Micro ATX,256,4,,,Black
Asus,Asus PRIME H810M-A WIFI-CSM,129.99,17548.65,,LGA1851,,Micro ATX,128,2,,,Silver / Black
Gigabyte,Gigabyte B550 AORUS ELITE,246.49,33276.15,,AM4,,ATX,128,4,,,Black / Silver
MSI,MSI PRO Z890-S WIFI,229.99,31048.65,,LGA1851,,ATX,256,4,,,Black / Silver
ASRock,ASRock Z890 Taichi,437.74,59094.9,,LGA1851,,ATX,256,4,,,Black / Gold
MSI,MSI B840M GAMING PLUS WIFI6E,222.47,30033.45,,AM5,,Micro ATX,256,4,,,Silver
Gigabyte,Gigabyte X570S AORUS MASTER,575.72,77722.2,,AM4,,ATX,128,4,,,Black / Silver
Asus,Asus PRIME B840M-A-CSM,210.16,28371.6,,AM5,,Micro ATX,192,4,,,Silver / Black
Gigabyte,Gigabyte B760 AORUS ELITE AX,249.0,33615.0,,LGA1700,,ATX,192,4,,,Black
ASRock,ASRock B860M Pro-A WiFi,149.99,20248.65,,LGA1851,,Micro ATX,256,4,,,Black
MSI,MSI B850M GAMING PLUS WIFI6E,247.17,33367.95,,AM5,,Micro ATX,256,4,,,Silver / White
ASRock,ASRock Z890 LiveMixer WiFi,239.99,32398.65,,LGA1851,,ATX,256,4,,,Silver / Black
ASRock,ASRock B450M-HDV,149.99,20248.65,,AM4,,Micro ATX,32,2,,,Black / Silver
ASRock,ASRock B860 Pro-A WiFi,188.0,25380.0,,LGA1851,,ATX,256,4,,,Black
Gigabyte,Gigabyte Z590I AORUS ULTRA,389.0,52515.0,,LGA1200,,Mini ITX,64,2,,,Black
NZXT,NZXT N7-Z69XT-W1,302.06,40778.1,,LGA1700,,ATX,128,4,,,White / Black
ASRock,ASRock B760M Pro RS/D4 WiFi,172.28,23257.8,,LGA1700,,Micro ATX,128,4,,,Silver / Black
Asus,Asus PRIME B860M-A WIFI-CSM,169.99,22948.65,,LGA1851,,Micro ATX,256,4,,,Silver / Black
MSI,MSI MPG Z790 CARBON WIFI II,429.99,58048.65,,LGA1700,,ATX,192,4,,,Black
Asus,Asus ProArt B660-CREATOR D4,199.95,26993.25,,LGA1700,,ATX,128,4,,,Black
Gigabyte,Gigabyte B860M AORUS ELITE WIFI6E ICE,189.99,25648.65,,LGA1851,,Micro ATX,256,4,,,White / Silver
Asus,Asus TUF GAMING B550M-PLUS (WI-FI),274.0,36990.0,,AM4,,Micro ATX,128,4,,,Black
Gigabyte,Gigabyte H610M S2H,118.1,15943.5,,LGA1700,,Micro ATX,64,2,,,Brown / Silver
MSI,MSI PRO B760-P WIFI,189.99,25648.65,,LGA1700,,ATX,192,4,,,Black / Silver
Asus,Asus Strix B550-XE Gaming WiFi,391.02,52787.7,,AM4,,ATX,128,4,,,Black
Asus,Asus ROG STRIX Z590-A GAMING WIFI,478.0,64530.0,,LGA1200,,ATX,128,4,,,Silver / Black
Gigabyte,Gigabyte X570 AORUS PRO WIFI,448.0,60480.0,,AM4,,ATX,128,4,,,Black / Silver
Asus,Asus PRIME B550M-A/CSM,189.0,25515.0,,AM4,,Micro ATX,128,4,,,Black / White
ASRock,ASRock Phantom Gaming Z890 Nova WiFi,349.99,47248.65,,LGA1851,,ATX,256,4,,,Black
ASRock,ASRock X670E Pro RS,551.13,74402.55,,AM5,,ATX,256,4,,,Black
Gigabyte,Gigabyte B840M D2H,169.54,22887.9,,AM5,,Micro ATX,128,2,,,Gray / Black
Gigabyte,Gigabyte Z590 AORUS ELITE AX,377.9,51016.5,,LGA1200,,ATX,128,4,,,Black
Gigabyte,Gigabyte B860M EAGLE PLUS WIFI6E,159.99,21598.65,,LGA1851,,Micro ATX,256,4,,,Black / Silver
ASRock,ASRock Z890 Lightning WiFi,217.99,29428.65,,LGA1851,,ATX,256,4,,,Black
ASRock,ASRock B760M-H/M.2,114.37,15439.95,,LGA1700,,Micro ATX,96,2,,,Silver / Black
MSI,MSI PRO H610M-G,140.65,18987.75,,LGA1700,,Micro ATX,96,2,,,Black
Asus,Asus ROG STRIX B860-G GAMING WIFI,351.52,47455.2,,LGA1851,,Micro ATX,256,4,,,White / Silver
Gigabyte,Gigabyte Z790 AORUS ELITE AX DDR4,250.0,33750.0,,LGA1700,,ATX,128,4,,,Black
Gigabyte,Gigabyte Z790 UD AX,326.06,44018.1,,LGA1700,,ATX,192,4,,,Black
Gigabyte,Gigabyte Z590 UD AC,329.65,44502.75,,LGA1200,,ATX,128,4,,,Black
MSI,MSI MPG X570S EDGE MAX WIFI,734.79,99196.65,,AM4,,ATX,128,4,,,Black / Silver
Gigabyte,Gigabyte Z890 AORUS ELITE X ICE,270.0,36450.0,,LGA1851,,ATX,256,4,,,White / Silver
MSI,MSI MPG Z690 FORCE WIFI,399.0,53865.0,,LGA1700,,ATX,192,4,,,Silver / Black
Gigabyte,Gigabyte B760M C,220.5,29767.5,,LGA1700,,Micro ATX,192,4,,,Brown / Gray
ASRock,ASRock Z890 Pro RS WiFi White,226.99,30643.65,,LGA1851,,ATX,256,4,,,White / Silver
Gigabyte,Gigabyte Z890 AORUS PRO ICE,339.05,45771.75,,LGA1851,,ATX,256,4,,,White / Silver
Asus,Asus ROG STRIX B860-F GAMING WIFI,420.04,56705.4,,LGA1851,,ATX,256,4,,,Black
Gigabyte,Gigabyte Z790I AORUS ULTRA,334.18,45114.3,,LGA1700,,Mini ITX,96,2,,,Silver / Black
Gigabyte,Gigabyte B650 AORUS PRO AX,498.87,67347.45,,AM5,,ATX,192,4,,,Black
ASRock,ASRock Z890 Riptide WiFi,219.99,29698.65,,LGA1851,,ATX,256,4,,,Black
Gigabyte,Gigabyte X570 UD,274.0,36990.0,,AM4,,ATX,128,4,,,Black / Silver
Gigabyte,Gigabyte Z790 AORUS ELITE DDR4,255.81,34534.35,,LGA1700,,ATX,128,4,,,Black
MSI,MSI MAG B560M MORTAR WIFI,299.99,40498.65,,LGA1200,,Micro ATX,128,4,,,Black / White
Gigabyte,Gigabyte A520M DS3H,108.46,14642.1,,AM4,,Micro ATX,128,4,,,Black
MSI,MSI PRO B860-P WIFI,189.99,25648.65,,LGA1851,,ATX,256,4,,,Silver / Black
Gigabyte,Gigabyte Z790 AERO G,423.9,57226.5,,LGA1700,,ATX,192,4,,,
MSI,MSI MPG Z590 GAMING CARBON WIFI,399.99,53998.65,,LGA1200,,ATX,128,4,,,Black
Gigabyte,Gigabyte Z490 UD,293.0,39555.0,,LGA1200,,ATX,128,4,,,Black / Silver
ASRock,ASRock B860M Pro-A,139.99,18898.65,,LGA1851,,Micro ATX,256,4,,,Black
Asus,Asus TUF GAMING B660M-PLUS WIFI,279.99,37798.65,,LGA1700,,Micro ATX,192,4,,,Yellow / Black
ASRock,ASRock Z790M PG LIGHTNING/D4,174.49,23556.15,,LGA1700,,Micro ATX,128,4,,,Black
ASRock,ASRock Z890 Taichi AQUA,756.99,102193.65,,LGA1851,,EATX,256,4,,,White
ASRock,ASRock H610M-ITX/eDP,179.9,24286.5,,LGA1700,,Mini ITX,64,2,,,Silver / Black
ASRock,ASRock B550 Extreme4,184.99,24973.65,,AM4,,ATX,128,4,,,Blue / Black
Asus,Asus PRIME B650M-A WIFI,348.42,47036.7,,AM5,,Micro ATX,128,4,,,Silver / Black
Gigabyte,Gigabyte Z890 AORUS MASTER AI TOP,699.98,94497.3,,LGA1851,,EATX,256,4,,,Black / Silver
ASRock,ASRock Z790 Taichi Carrara,391.91,52907.85,,LGA1700,,EATX,192,4,,,White / Black
Gigabyte,Gigabyte Z690 UD AX DDR4,471.78,63690.3,,LGA1700,,ATX,128,4,,,Black
ASRock,ASRock A520M Pro4,99.99,13498.65,,AM4,,Micro ATX,128,4,,,Black / Silver
MSI,MSI MEG Z690 ACE,736.88,99478.8,,LGA1700,,EATX,192,4,,,Black / Gold
MSI,MSI MEG X570 ACE,459.78,62070.3,,AM4,,ATX,128,4,,,Black / Silver
Gigabyte,Gigabyte Z890 AERO G,319.99,43198.65,,LGA1851,,ATX,256,4,,,Silver / White
Gigabyte,Gigabyte B860M D3HP,129.99,17548.65,,LGA1851,,Micro ATX,256,4,,,Silver / Black
Gigabyte,Gigabyte X570S AERO G,527.9,71266.5,,AM4,,ATX,128,4,,,Black / White
Asus,Asus ROG Crosshair VIII Impact,589.0,79515.0,,AM4,,Mini DTX,64,2,,,Black
ASRock,ASRock Z790 LiveMixer,308.16,41601.6,,LGA1700,,ATX,192,4,,,Purple / Black
Asus,Asus PRIME H610M-E D4,168.86,22796.1,,LGA1700,,Micro ATX,64,2,,,Silver / Black
ASRock,ASRock B860M Steel Legend WiFi,179.99,24298.65,,LGA1851,,Micro ATX,256,4,,,White / Silver
MSI,MSI MEG Z690 UNIFY,499.99,67498.65,,LGA1700,,ATX,192,4,,,Black / Silver
Asus,Asus PRO A520M-C II/CSM,92.99,12553.65,,AM4,,Micro ATX,64,2,,,Green / Black
Asus,Asus TUF GAMING Z790-PLUS D4,337.97,45625.95,,LGA1700,,ATX,128,4,,,Black
Asus,Asus ROG STRIX B760-A GAMING WIFI D4,381.99,51568.65,,LGA1700,,ATX,128,4,,,Silver / Black
Asus,Asus PRIME B860-PLUS WIFI-CSM,179.99,24298.65,,LGA1851,,ATX,256,4,,,Silver / Black
Asus,Asus ROG STRIX B860-A GAMING WIFI,319.62,43148.7,,LGA1851,,ATX,256,4,,,White / Silver
Gigabyte,Gigabyte H610M S2H DDR4,173.0,23355.0,,LGA1700,,Micro ATX,64,2,,,Black / Gray
Gigabyte,Gigabyte Z490 AORUS XTREME,1018.9,137551.5,,LGA1200,,EATX,128,4,,,Black / Silver
ASRock,ASRock Z890 Pro RS WiFi,194.99,26323.65,,LGA1851,,ATX,256,4,,,Silver / Black
MSI,MSI MPG X570S CARBON MAX WIFI,647.19,87370.65,,AM4,,ATX,128,4,,,Black / Silver
Asus,Asus PRIME B760M-PLUS,217.93,29420.55,,LGA1700,,Micro ATX,192,4,,,Silver / Black
Gigabyte,Gigabyte Z790 EAGLE,261.06,35243.1,,LGA1700,,ATX,192,4,,,Gray / Black
MSI,MSI PRO Z690-P DDR4,169.99,22948.65,,LGA1700,,ATX,128,4,,,Black / Silver
Gigabyte,Gigabyte Z590 VISION G,385.0,51975.0,,LGA1200,,ATX,128,4,,,Black / White
Gigabyte,Gigabyte B550 AORUS MASTER,406.99,54943.65,,AM4,,ATX,128,4,,,Black / Silver
NZXT,NZXT N5 Z690,227.93,30770.55,,LGA1700,,ATX,128,4,,,Black
Biostar,Biostar H510MHP 2.0,93.84,12668.4,,LGA1200,,Micro ATX,64,2,,,Black
Asus,Asus PRIME B840M-A WIFI,259.7,35059.5,,AM5,,Micro ATX,192,4,,,Silver / Black
Asus,Asus PRIME B450M-A/CSM,199.0,26865.0,,AM4,,Micro ATX,64,4,,,Black / Silver
Asus,Asus PRIME Z890-P,333.71,45050.85,,LGA1851,,ATX,192,4,,,Black / Silver
Asus,Asus TUF GAMING B760M-PLUS D4,229.1,30928.5,,LGA1700,,Micro ATX,128,4,,,Black / Orange
MSI,MSI MPG Z790 EDGE WIFI DDR4,599.99,80998.65,,LGA1700,,ATX,128,4,,,Silver / Black
Gigabyte,Gigabyte Z590 UD,278.0,37530.0,,LGA1200,,ATX,128,4,,,Black
Gigabyte,Gigabyte Z690I AORUS ULTRA DDR4,256.9,34681.5,,LGA1700,,Mini ITX,64,2,,,Black / Silver
MSI,MSI MEG Z490I UNIFY,393.48,53119.8,,LGA1200,,Mini ITX,64,2,,,Black / Silver
Gigabyte,Gigabyte B550 AORUS PRO V2,291.49,39351.15,,AM4,,ATX,128,4,,,Black
Gigabyte,Gigabyte Z690M AORUS ELITE AX DDR4,265.89,35895.15,,LGA1700,,Micro ATX,128,4,,,Black
Asus,Asus ROG STRIX Z590-I GAMING WIFI,549.0,74115.0,,LGA1200,,Mini ITX,64,2,,,Black
ASRock,ASRock A520M Phantom Gaming 4,96.49,13026.15,,AM4,,Micro ATX,128,4,,,Black
ASRock,ASRock Z890 Taichi OCF,525.79,70981.65,,LGA1851,,ATX,128,2,,,Black / Gold
Asus,Asus Pro B760M-CT-CSM,149.99,20248.65,,LGA1700,,Micro ATX,192,4,,,Green / Black
ASRock,ASRock B760M PG Riptide,280.87,37917.45,,LGA1700,,Micro ATX,192,4,,,Black / Blue
ASRock,ASRock B860M LiveMixer WiFi,169.99,22948.65,,LGA1851,,Micro ATX,256,4,,,Silver / Black
Gigabyte,Gigabyte B860M EAGLE V2,186.48,25174.8,,LGA1851,,Micro ATX,128,2,,,Silver / Black
ASRock,ASRock H670M Pro RS,165.57,22351.95,,LGA1700,,Micro ATX,128,4,,,Gray / Black
ASRock,ASRock Z890 Pro RS,197.81,26704.35,,LGA1851,,ATX,256,4,,,Silver / Black
ASRock,ASRock X570D4U-2L2T,419.0,56565.0,,AM4,,Micro ATX,128,4,,,Green / Silver
MSI,MSI MPG Z590 GAMING PLUS,433.89,58575.15,,LGA1200,,ATX,128,4,,,Black
Asus,Asus ROG Crosshair VIII Formula,630.0,85050.0,,AM4,,ATX,128,4,,,Black
Gigabyte,Gigabyte Z590 AORUS PRO AX,410.0,55350.0,,LGA1200,,ATX,128,4,,,Black
Asus,Asus PRO Q570M-C/CSM,75.0,10125.0,,LGA1200,,Micro ATX,128,4,,,Green / Black
MSI,MSI X470 GAMING PRO CARBON,399.0,53865.0,,AM4,,ATX,64,4,,,Black / Silver
Asus,Asus Pro B650M-CT-CSM,149.99,20248.65,,AM5,,Micro ATX,192,4,,,Green / Black
Asus,Asus Pro B660M-C D4-CSM,129.99,17548.65,,LGA1700,,Micro ATX,128,4,,,Green / Black
Asus,Asus ProArt B550-CREATOR,239.99,32398.65,,AM4,,ATX,128,4,,,Black
Gigabyte,Gigabyte H410M S2H V2,119.9,16186.5,,LGA1200,,Micro ATX,64,2,,,Black / Gray
Gigabyte,Gigabyte Z490 AORUS ELITE,475.49,64191.15,,LGA1200,,ATX,128,4,,,Black / Silver
MSI,MSI B850 GAMING PLUS WIFI6E,263.27,35541.45,,AM5,,ATX,256,4,,,Silver
Gigabyte,Gigabyte B760 GAMING X AX DDR4,263.83,35617.05,,LGA1700,,ATX,128,4,,,Black
Asus,Asus ROG STRIX Z490-I GAMING,499.0,67365.0,,LGA1200,,Mini ITX,64,2,,,Black
Gigabyte,Gigabyte Z590 AORUS MASTER,407.37,54994.95,,LGA1200,,ATX,128,4,,,Black
Asus,Asus TUF GAMING H770-PRO WIFI,347.15,46865.25,,LGA1700,,ATX,192,4,,,Black
Asus,Asus ROG MAXIMUS XII FORMULA,654.0,88290.0,,LGA1200,,ATX,128,4,,,Black
Gigabyte,Gigabyte X570 AORUS XTREME,995.0,134325.0,,AM4,,EATX,128,4,,,Black / Silver
Asus,Asus PRIME A520M-E,159.9,21586.5,,AM4,,Micro ATX,64,2,,,Black
Biostar,Biostar B660GTA,190.44,25709.4,,LGA1700,,ATX,128,4,,,Blue / Black
Asus,Asus PROART B760-CREATOR D4,285.62,38558.7,,LGA1700,,ATX,128,4,,,Black / Copper
Asus,Asus ROG STRIX B660-F GAMING WIFI,299.0,40365.0,,LGA1700,,ATX,192,4,,,Black
Asus,Asus Pro WS X570-ACE,579.99,78298.65,,AM4,,ATX,128,4,,,Black
Gigabyte,Gigabyte B860M GAMING X WIFI6E,169.99,22948.65,,LGA1851,,Micro ATX,256,4,,,Silver / Black
Gigabyte,Gigabyte GA-AX370-Gaming K5,236.49,31926.15,,AM4,,ATX,64,4,,,Black / Orange
MSI,MSI PRO B860-P,240.0,32400.0,,LGA1851,,ATX,256,4,,,Silver / Black
Gigabyte,Gigabyte Z690 AORUS PRO,399.99,53998.65,,LGA1700,,ATX,192,4,,,Black
Gigabyte,Gigabyte Z490 GAMING X,298.0,40230.0,,LGA1200,,ATX,128,4,,,Black / Silver
Asus,Asus Pro B560M-CT/CSM,159.0,21465.0,,LGA1200,,Micro ATX,128,4,,,Green
MSI,MSI MEG Z690 UNIFY-X,778.88,105148.8,,LGA1700,,ATX,96,2,,,Black / Silver
ASRock,ASRock B550 PG Velocita,260.37,35149.95,,AM4,,ATX,128,4,,,Silver / Black
ASRock,ASRock B860M Pro RS,149.99,20248.65,,LGA1851,,Micro ATX,256,4,,,Silver / Black
Asus,Asus PRIME A320M-E,237.0,31995.0,,AM4,,Micro ATX,64,2,,,Black / Silver
MSI,MSI MAG B460 TOMAHAWK,278.99,37663.65,,LGA1200,,ATX,128,4,,,Black / Silver
MSI,MSI MAG A520M VECTOR WIFI,176.8,23868.0,,AM4,,Micro ATX,64,2,,,Black
ASRock,ASRock H610M-HVS,110.91,14972.85,,LGA1700,,Micro ATX,64,2,,,Gray / Black
ASRock,ASRock B860M-H2,119.99,16198.65,,LGA1851,,Micro ATX,128,2,,,Black / Silver
Asus,Asus Pro Q670M-C-CSM,199.99,26998.65,,LGA1700,,Micro ATX,128,4,,,Green / Black
Gigabyte,Gigabyte Z790 AORUS ELITE AX-W,585.41,79030.35,,LGA1700,,ATX,192,4,,,Silver / Black
Gigabyte,Gigabyte Z690 AORUS ULTRA,357.91,48317.85,,LGA1700,,ATX,192,4,,,Black
Gigabyte,Gigabyte B860 DS3H,225.05,30381.75,,LGA1851,,ATX,256,4,,,Silver / Black
Asus,Asus PRIME H610M-D D4,139.4,18819.0,,LGA1700,,Micro ATX,64,2,,,Silver / Black
Asus,Asus TUF GAMING B860M-PLUS,244.56,33015.6,,LGA1851,,Micro ATX,256,4,,,Black / Silver
Gigabyte,Gigabyte H810M S2H,131.33,17729.55,,LGA1851,,Micro ATX,128,2,,,Gray / Black
Gigabyte,Gigabyte H610M D3W DDR4,147.89,19965.15,,LGA1700,,Micro ATX,64,2,,,Black
ASRock,ASRock Z890 Taichi Lite,480.6,64881.0,,LGA1851,,ATX,256,4,,,Silver / Black
ASRock,ASRock B660 Pro RS,311.33,42029.55,,LGA1700,,ATX,128,4,,,Gray / Black
Gigabyte,Gigabyte Z490 AORUS ELITE AC,398.0,53730.0,,LGA1200,,ATX,128,4,,,Black / Silver
Asus,Asus ProArt Z690-CREATOR WIFI,449.99,60748.65,,LGA1700,,ATX,192,4,,,Black / Copper
ASRock,ASRock X570D4U,304.99,41173.65,,AM4,,Micro ATX,128,4,,,Green
Gigabyte,Gigabyte B760M E,184.8,24948.0,,LGA1700,,Micro ATX,96,2,,,Black / Gray
ASRock,ASRock Z590M Pro4,299.99,40498.65,,LGA1200,,Micro ATX,128,4,,,Black / Silver
Asus,Asus TUF GAMING H670-PRO WIFI D4,229.99,31048.65,,LGA1700,,ATX,128,4,,,Gray / Black
Asus,Asus PRIME H770-PLUS D4,189.99,25648.65,,LGA1700,,ATX,128,4,,,Silver / Black
Gigabyte,Gigabyte Z490 AORUS MASTER,510.9,68971.5,,LGA1200,,ATX,128,4,,,Black / Silver
Asus,Asus ROG MAXIMUS XII EXTREME,996.85,134574.75,,LGA1200,,EATX,128,4,,,Black
Asus,Asus TUF GAMING B660M-PLUS D4,454.0,61290.0,,LGA1700,,Micro ATX,128,4,,,Orange / Black
Asus,Asus PRIME B860-PLUS-CSM,274.73,37088.55,,LGA1851,,ATX,256,4,,,Silver / Black
ASRock,ASRock B860M Lightning WiFi,189.99,25648.65,,LGA1851,,Micro ATX,256,4,,,Black
Gigabyte,Gigabyte H510M S2H,159.0,21465.0,,LGA1200,,Micro ATX,64,2,,,Brown / Gray
Gigabyte,Gigabyte Z890 EAGLE,312.38,42171.3,,LGA1851,,ATX,256,4,,,Gray / Black
MSI,MSI PRO B660M-G DDR4,672.84,90833.4,,LGA1700,,Micro ATX,64,2,,,Black / Silver
MSI,MSI MEG B550 UNIFY-X,455.59,61504.65,,AM4,,ATX,64,2,,,Black
Gigabyte,Gigabyte B560 AORUS PRO AX,390.49,52716.15,,LGA1200,,ATX,128,4,,,Black
Gigabyte,Gigabyte Z690 AORUS ELITE DDR4,302.89,40890.15,,LGA1700,,ATX,128,4,,,Black / Silver
MSI,MSI MAG B460M MORTAR,299.99,40498.65,,LGA1200,,Micro ATX,128,4,,,Black / Silver
Asus,Asus PRIME B650M-A-CSM,287.37,38794.95,,AM5,,Micro ATX,128,4,,,Silver / Black
ASRock,ASRock Z590M Phantom Gaming 4,248.99,33613.65,,LGA1200,,Micro ATX,128,4,,,Silver / Black
Asus,Asus PRIME B860M-A WIFI,317.7,42889.5,,LGA1851,,Micro ATX,256,4,,,Silver / Black
MSI,MSI MEG Z490 ACE,486.0,65610.0,,LGA1200,,ATX,128,4,,,Black / Gold
ASRock,ASRock H670 Steel Legend,172.6,23301.0,,LGA1700,,ATX,128,4,,,Silver / Gray
MSI,MSI X370 XPOWER GAMING TITANIUM,542.89,73290.15,,AM4,,ATX,64,4,,,Silver
Asus,Asus PRIME B860M-K,179.06,24173.1,,LGA1851,,Micro ATX,128,2,,,Silver / Black
Gigabyte,Gigabyte Z690 GAMING X,515.0,69525.0,,LGA1700,,ATX,192,4,,,Black / Gray
ASRock,ASRock Z490M Pro4,380.99,51433.65,,LGA1200,,Micro ATX,128,4,,,Black / Silver
Asus,Asus Pro A620M-DASH-CSM,154.46,20852.1,,AM5,,Micro ATX,96,2,,,Green
Gigabyte,Gigabyte Z590I VISION D,459.0,61965.0,,LGA1200,,Mini ITX,64,2,,,Black / White
Gigabyte,Gigabyte B460M GAMING HD,217.0,29295.0,,LGA1200,,Micro ATX,64,2,,,Black / Red
Biostar,Biostar B760A-SILVER,179.97,24295.95,,LGA1700,,ATX,192,4,,,Silver / Black
Asus,Asus PRIME B860M-A-CSM,211.73,28583.55,,LGA1851,,Micro ATX,256,4,,,Silver / Black
Gigabyte,Gigabyte Z590 AORUS ELITE,379.0,51165.0,,LGA1200,,ATX,128,4,,,Black
ASRock,ASRock Z490 Taichi,910.54,122922.9,,LGA1200,,ATX,128,4,,,Black / Gold
MSI,MSI MAG Z690 TORPEDO,386.68,52201.8,,LGA1700,,ATX,192,4,,,Blue / Black
Asus,Asus ROG MAXIMUS Z690 APEX,812.61,109702.35,,LGA1700,,ATX,96,2,,,Black / Silver
Gigabyte,Gigabyte B860M DS3H,230.52,31120.2,,LGA1851,,Micro ATX,256,4,,,Silver / Black
ASRock,ASRock Z590 Phantom Gaming-ITX/TB4,519.99,70198.65,,LGA1200,,Mini ITX,64,2,,,Black / Red
Gigabyte,Gigabyte B660 AORUS Master,365.0,49275.0,,LGA1700,,ATX,192,4,,,Black
Asus,Asus Pro H510M-CT/CSM,183.48,24769.8,,LGA1200,,Micro ATX,64,2,,,Green
Biostar,Biostar B760M-SILVER,355.56,48000.6,,LGA1700,,Micro ATX,192,4,,,Silver / Black
MSI,MSI PRESTIGE X570 CREATION,928.87,125397.45,,AM4,,EATX,128,4,,,Black / Silver
Gigabyte,Gigabyte Z590 AORUS XTREME,699.99,94498.65,,LGA1200,,EATX,128,4,,,Black
Gigabyte,Gigabyte Q670M D3H,208.99,28213.65,,LGA1700,,Micro ATX,128,4,,,Brown / Gray
Biostar,Biostar Z690 VALKYRIE,825.0,111375.0,,LGA1700,,ATX,192,4,,,Black / Gray
ASRock,ASRock Z590 Taichi,794.25,107223.75,,LGA1200,,ATX,128,4,,,Black / Silver
Asus,Asus ROG MAXIMUS XII APEX,509.99,68848.65,,LGA1200,,ATX,64,2,,,Black
Asus,Asus TUF GAMING B850-E WIFI,229.99,31048.65,,AM5,,ATX,256,4,,,Black
Supermicro,Supermicro C9Z490-PGW,1050.0,141750.0,,LGA1200,,ATX,128,4,,,Black
ASRock,ASRock Z590 PG Velocita,636.87,85977.45,,LGA1200,,ATX,128,4,,,Silver / Black
Gigabyte,Gigabyte Z490 VISION D,741.98,100167.3,,LGA1200,,ATX,128,4,,,Black / Silver
Biostar,Biostar B650M-SILVER,201.28,27172.8,,AM5,,Micro ATX,192,4,,,Silver / Black
Gigabyte,Gigabyte Z590 AORUS TACHYON,573.0,77355.0,,LGA1200,,EATX,64,2,,,Black
Asus,Asus Pro B860M-CT-CSM,159.99,21598.65,,LGA1851,,Micro ATX,256,4,,,Black
Gigabyte,Gigabyte H810M K,137.99,18628.65,,LGA1851,,Micro ATX,128,2,,,Gray / Black
